證券代號,成交股數,成交筆數,成交金額,開盤價,最高價,最低價,收盤價,漲跌價差,最後揭示買價,最後揭示買量,最後揭示賣價,最後揭示賣量,本益比
0050,6916829,1835,594801990,86.15,86.2,85.8,85.8,0.7,85.75,48,85.8,1164,0.0
0051,11300,14,390440,34.6,34.6,34.42,34.42,0.18,34.26,1,34.27,1,0.0
0052,106610,16,6583725,62.05,62.05,61.65,61.8,0.45,61.65,1,61.7,1,0.0
0053,33000,15,1260820,38.5,38.5,38.1,38.1,0.4,37.91,15,38.1,16,0.0
0054,3000,2,69130,23.13,23.13,23.0,23.0,0.17,22.86,27,23.0,6,0.0
0055,28150,17,523242,18.64,18.64,18.57,18.57,0.08,18.55,3,18.57,13,0.0
0056,21754179,8701,615963648,28.42,28.42,28.25,28.28,0.16,28.28,126,28.29,2,0.0
0057,24000,6,1310300,54.6,54.6,54.55,54.6,0.1,54.4,1,54.5,20,0.0
0058,20000,2,930000,46.5,46.5,46.5,46.5,0.33,45.64,1,46.33,5,0.0
0059,2000,2,94460,47.23,47.23,47.23,47.23,0.03,46.9,1,47.11,23,0.0
0061,336637,128,5921779,17.59,17.65,17.5,17.59,0.13,17.59,6,17.6,32,0.0
006203,34000,5,1380420,40.59,40.64,40.26,40.26,0.16,40.26,5,40.31,42,0.0
006204,40000,2,2254000,56.35,56.35,56.35,56.35,0.3,55.95,50,56.1,50,0.0
006205,1689909,211,51443897,30.33,30.56,30.33,30.45,0.31,30.44,200,30.45,4,0.0
006206,144990,99,4664936,32.3,32.9,32.05,32.17,0.33,32.17,7,32.23,5,0.0
006207,51031,13,1163395,22.9,22.9,22.7,22.75,0.29,22.8,1,22.83,1,0.0
006208,517600,209,25149458,48.79,48.79,48.47,48.47,0.34,48.46,2,48.47,5,0.0
00625K,50000,2,356500,7.13,7.13,7.13,7.13,0.01,7.06,5,7.21,5,0.0
00631L,1506000,473,65294710,43.53,43.63,43.12,43.12,0.77,43.11,20,43.12,32,0.0
00632R,30869321,2819,342441128,11.07,11.12,11.06,11.12,0.09,11.12,1746,11.13,1013,0.0
00633L,15641100,2907,731873598,46.4,47.45,46.3,46.91,0.58,46.91,237,46.93,7,0.0
00634R,1048000,78,6324520,6.05,6.06,6.01,6.02,0.03,6.02,55,6.03,40,0.0
00635U,560392,196,12238996,21.82,21.86,21.81,21.85,0.22,21.85,6,21.86,8,0.0
00636,795908,169,16919849,21.32,21.37,21.08,21.28,0.17,21.27,4,21.28,12,0.0
00636K,100,1,690,6.9,6.9,6.9,6.9,0.04,6.87,11,6.92,11,0.0
00637L,101889166,9313,1827005766,17.85,18.2,17.76,18.0,0.21,17.99,134,18.0,288,0.0
00638R,531000,119,6426000,12.15,12.17,12.05,12.06,0.02,12.06,214,12.09,1,0.0
00639,1896367,186,19309348,10.14,10.25,10.14,10.19,0.16,10.19,6,10.2,2,0.0
00640L,374000,31,7185600,19.19,19.25,19.13,19.23,0.14,19.2,18,19.23,47,0.0
00641R,312000,24,4653800,14.9,14.94,14.9,14.92,0.08,14.89,103,14.92,26,0.0
00642U,10870350,3255,168497929,15.52,15.53,15.47,15.51,0.15,15.5,203,15.51,1428,0.0
00643,839381,268,9829972,11.81,11.81,11.62,11.73,0.17,11.71,2,11.73,37,0.0
00643K,0,0,0,,,,,0.0,2.68,10,2.75,2,0.0
00645,75759,13,1549771,20.43,20.47,20.41,20.45,0.13,20.45,1,20.47,1,0.0
00646,303220,161,8262710,27.19,27.27,27.18,27.25,0.4,27.24,12,27.26,21,0.0
00647L,75000,50,2592220,34.58,34.63,34.5,34.53,1.18,34.5,7,34.53,1,0.0
00648R,635100,146,7832133,12.32,12.35,12.31,12.34,0.2,12.33,303,12.34,7,0.0
00649,129000,35,2528140,19.76,19.76,19.52,19.6,0.2,19.58,21,19.6,5,0.0
00650L,458000,212,12135700,26.6,26.73,26.31,26.39,0.45,26.35,2,26.39,7,0.0
00651R,1504000,353,13374420,8.98,8.98,8.84,8.91,0.06,8.9,81,8.91,40,0.0
00652,35901,23,811761,22.5,22.7,22.5,22.67,0.06,22.67,4,22.7,1,0.0
00653L,601000,195,15883450,26.41,26.6,26.37,26.44,0.1,26.44,1,26.5,1,0.0
00654R,70000,11,997740,14.26,14.27,14.25,14.25,0.02,14.22,50,14.23,1,0.0
00655L,8678042,1674,293040377,33.7,34.27,33.4,33.94,0.38,33.93,6,33.94,56,0.0
00656R,145000,36,1597000,11.07,11.08,10.97,11.0,0.07,11.0,1,11.01,749,0.0
00657,101000,3,2698690,26.69,26.72,26.69,26.72,0.22,26.7,1,26.74,35,0.0
00657K,100,1,866,8.66,8.66,8.66,8.66,0.07,8.63,10,8.7,11,0.0
00658L,4000,4,129610,32.36,32.51,32.34,32.51,0.45,32.42,2,32.44,4,0.0
00659R,21000,9,255420,12.17,12.2,12.15,12.15,0.09,12.15,102,12.18,37,0.0
00660,0,0,0,,,,,0.0,25.01,25,25.1,11,0.0
00661,0,0,0,,,,,0.0,27.28,35,27.4,150,0.0
00662,224094,122,7118987,31.75,33.15,31.73,31.81,0.73,31.8,4,32.3,10,0.0
00663L,41000,14,1622160,39.61,39.75,39.27,39.27,0.7,39.24,20,39.26,100,0.0
00664R,1001000,118,12611700,12.58,12.64,12.56,12.64,0.09,12.63,599,12.64,24,0.0
00665L,193000,38,4669980,24.55,24.55,24.05,24.31,0.24,24.26,11,24.28,46,0.0
00666R,82000,4,1140590,13.91,13.91,13.88,13.88,0.06,13.89,32,13.94,11,0.0
00668,21000,12,609950,29.06,29.06,29.02,29.02,0.4,29.02,8,29.04,40,0.0
00668K,100,1,942,9.42,9.42,9.42,9.42,0.12,9.38,8,9.44,8,0.0
00669R,2248001,267,28106852,12.49,12.52,12.49,12.52,0.16,12.52,4,12.53,272,0.0
00670L,658000,271,22281590,33.89,33.97,33.77,33.8,1.23,33.79,4,33.8,10,0.0
00671R,567000,147,7112290,12.53,12.58,12.53,12.57,0.23,12.56,20,12.57,32,0.0
00672L,90361570,14106,1183245910,13.08,13.14,13.07,13.1,0.24,13.09,1320,13.1,296,0.0
00673R,4086001,373,64313065,15.71,15.75,15.71,15.73,0.17,15.73,294,15.74,28,0.0
00674R,28000,13,467550,16.71,16.71,16.67,16.67,0.16,16.67,4,16.69,75,0.0
00675L,45000,28,770420,17.19,17.2,17.01,17.02,0.3,17.02,1,17.03,200,0.0
00676R,1302000,129,8904250,6.84,6.86,6.83,6.86,0.06,6.85,218,6.86,7,0.0
00677U,238935313,12090,1227466042,5.12,5.17,5.11,5.17,0.21,5.16,816,5.17,1187,0.0
00678,482144,40,9904778,20.55,20.57,20.51,20.52,0.2,20.52,6,20.57,2,0.0
00680L,121000,53,3249170,26.84,26.92,26.8,26.92,0.42,26.87,15,26.92,9,0.0
00681R,18000,3,273820,15.25,15.25,15.21,15.21,0.14,15.22,1,15.25,65,0.0
00682U,1000,1,19660,19.66,19.66,19.66,19.66,0.07,19.65,10,19.73,1,0.0
00683L,0,0,0,,,,,0.0,19.89,10,20.02,10,0.0
00684R,18000,6,332720,18.49,18.49,18.47,18.47,0.0,18.41,1,18.47,1,0.0
00685L,205000,16,3090490,15.17,15.17,15.05,15.08,0.22,15.0,12,15.02,10,0.0
00686R,478000,18,3558500,7.43,7.47,7.43,7.46,0.05,7.46,1194,7.47,1214,0.0
00688L,178000,21,4853580,27.3,27.33,27.21,27.33,0.44,27.33,90,27.34,10,0.0
00689R,140000,6,2164800,15.46,15.47,15.46,15.47,0.1,15.08,36,16.29,33,0.0
00690,192408,27,4386431,22.9,22.9,22.7,22.7,0.29,22.43,10,22.7,19,0.0
00691R,2000,2,29900,14.95,14.95,14.95,14.95,0.07,14.9,10,14.95,10,0.0
00692,2389115,512,53107560,22.3,22.3,22.16,22.16,0.17,22.16,113,22.17,92,0.0
00693U,1300000,197,20361220,15.64,15.68,15.64,15.68,0.1,15.67,368,15.68,46,0.0
00700,113899,11,2222048,19.44,19.53,19.43,19.52,0.16,19.49,5,19.5,50,0.0
00701,17270,16,390124,22.66,22.66,22.55,22.55,0.13,22.54,1,22.55,70,0.0
00702,16000,11,328760,20.54,20.57,20.54,20.54,0.31,20.5,1,20.55,53,0.0
00703,234000,77,4453710,19.12,19.12,19.0,19.0,0.31,18.99,9,19.0,2,0.0
00706L,1000,1,18300,18.3,18.3,18.3,18.3,0.04,18.33,1,18.36,100,0.0
00707R,1000,1,19610,19.61,19.61,19.61,19.61,0.05,19.55,10,19.62,10,0.0
00708L,2092001,632,47233822,22.55,22.62,22.52,22.6,0.45,22.6,24,22.61,39,0.0
00709,100000,2,1996000,19.96,19.96,19.96,19.96,0.23,19.97,3,20.01,50,0.0
00710B,392000,129,8122030,20.75,20.75,20.71,20.73,0.1,20.72,18,20.73,22,0.0
00711B,102000,4,2315330,22.67,22.7,22.66,22.7,0.03,22.66,35,22.71,36,0.0
00712,263020,68,4596870,17.49,17.49,17.47,17.48,0.04,17.47,6,17.49,23,0.0
00713,280000,176,9023980,32.5,32.5,32.12,32.17,0.33,32.14,2,32.17,17,0.0
00714,12000,6,273560,22.79,22.82,22.79,22.79,0.12,22.76,5,22.79,49,0.0
00715L,122000,53,2210550,18.13,18.18,18.08,18.14,0.32,18.11,5,18.14,29,0.0
00717,1333178,202,26683177,20.03,20.04,20.0,20.03,0.02,20.02,38,20.03,18,0.0
00728,723025,89,13984622,19.38,19.38,19.29,19.29,0.09,19.29,10,19.31,11,0.0
00730,509349,257,9379616,18.48,18.48,18.4,18.4,0.08,18.39,26,18.4,2,0.0
00731,160000,71,7805100,48.87,48.87,48.65,48.65,0.44,48.63,60,48.65,18,0.0
00732,101000,3,3881480,38.48,38.48,38.43,38.43,0.07,38.33,10,38.47,2,0.0
00733,201000,3,3893400,19.4,19.4,19.37,19.37,0.12,19.25,1,19.37,3,0.0
00735,133000,8,2514460,19.0,19.0,18.84,18.84,0.13,18.81,24,18.86,10,0.0
00736,115000,6,2224850,19.35,19.35,19.31,19.31,0.2,19.26,22,19.31,53,0.0
00737,372898,171,7818121,21.0,21.0,20.93,20.94,0.25,20.93,29,20.94,10,0.0
00738U,2050000,286,41488870,20.2,20.27,20.17,20.27,0.39,20.27,6,20.28,183,0.0
00739,284844,63,5834597,20.51,20.54,20.41,20.49,0.18,20.49,2,20.5,49,0.0
00742,1000,1,20800,20.8,20.8,20.8,20.8,0.05,20.73,25,20.79,25,0.0
00743,64082,19,1290318,20.22,20.25,20.09,20.21,0.24,20.17,22,20.21,19,0.0
00752,6261000,3171,136010209,21.93,21.94,21.67,21.67,0.3,21.67,49,21.68,10,0.0
00753L,525100,141,11281315,21.5,21.64,21.37,21.4,0.63,21.4,1,21.41,15,0.0
00757,1041000,24,20216360,19.44,19.45,19.4,19.4,0.33,19.39,2,19.4,47,0.0
00762,406000,120,9363320,23.06,23.1,23.04,23.06,0.42,23.05,2,23.06,39,0.0
00763U,13000,4,234980,18.05,18.08,18.05,18.08,0.18,18.09,10,18.12,2,0.0
00766L,1500000,205,13659470,9.17,9.17,9.03,9.03,0.28,9.02,2,9.03,23,0.0
00767,105000,9,2197720,21.1,21.1,20.92,20.94,0.42,20.92,3,20.95,1,0.0
00770,6000,4,137120,22.88,22.88,22.82,22.85,0.44,22.81,100,22.85,73,0.0
00771,60000,25,1248450,20.81,20.82,20.8,20.82,0.02,20.81,1,20.82,33,0.0
00774B,2000,2,78760,39.38,39.38,39.38,39.38,0.01,39.33,25,39.44,1,0.0
00774C,0,0,0,,,,,0.0,9.03,25,9.06,10,0.0
00775B,2000,2,92600,46.3,46.3,46.3,46.3,0.19,46.27,25,46.39,5,0.0
00776,0,0,0,,,,,0.0,21.15,25,21.22,10,0.0
00783,1143000,80,19626530,17.2,17.23,17.09,17.22,0.22,17.19,2,17.21,30,0.0
008201,600,4,62070,104.65,104.65,102.65,102.65,2.65,102.65,197,104.2,49,0.0
00830,1297100,368,19348820,14.91,14.96,14.9,14.92,0.29,14.91,16,14.92,29,0.0
00850,4728934,1468,99429140,21.11,21.11,20.95,20.95,0.16,20.95,59,20.96,255,0.0
00851,35000,20,695480,19.89,19.9,19.84,19.84,0.47,19.84,1,19.85,30,0.0
00852L,1023001,164,15341714,15.02,15.03,14.98,14.98,0.36,14.98,44,14.99,302,0.0
01001T,368000,20,5723370,15.51,15.6,15.5,15.55,0.06,15.51,20,15.58,20,0.0
01002T,309000,21,4949210,16.02,16.09,16.0,16.09,0.04,16.02,1,16.09,5,0.0
01003T,46000,10,804530,17.42,17.5,17.37,17.37,0.02,17.37,9,17.52,1,0.0
01004T,758000,30,10232610,13.45,13.52,13.45,13.52,0.03,13.5,69,13.52,11,0.0
01007T,13000,8,214640,16.5,16.52,16.5,16.52,0.02,16.5,58,16.52,69,0.0
01009T,253000,32,2276650,8.95,9.04,8.95,9.0,0.05,9.0,49,9.02,5,0.0
01010T,4000,3,40380,10.1,10.1,10.09,10.09,0.0,10.07,166,10.09,68,0.0
020000,750000,35,3695520,4.92,4.95,4.91,4.91,0.05,4.9,101,4.91,190,0.0
020002,0,0,0,,,,,0.0,13.4,250,13.42,250,0.0
020004,0,0,0,,,,,0.0,21.19,499,21.2,449,0.0
020005,0,0,0,,,,,0.0,20.44,299,20.45,299,0.0
020006,0,0,0,,,,,0.0,20.56,102,20.58,106,0.0
020007,0,0,0,,,,,0.0,20.53,364,20.56,335,0.0
020008,10000,10,102970,10.3,10.3,10.28,10.28,0.03,10.27,400,10.28,400,0.0
1101,10114757,4085,401135124,39.75,39.8,39.5,39.5,0.25,39.5,281,39.55,3,9.36
1101B,20125,15,1072737,53.3,53.4,53.3,53.4,0.0,53.2,73,53.4,114,0.0
1102,5475908,3138,232213990,42.85,43.0,42.25,42.3,0.55,42.3,118,42.35,16,10.14
1103,931927,304,16821373,18.1,18.1,17.95,18.1,0.1,18.05,18,18.1,102,11.31
1104,181317,107,3379127,18.65,18.7,18.55,18.6,0.05,18.6,36,18.65,6,11.01
1108,141245,48,1008165,7.14,7.18,7.1,7.18,0.04,7.18,5,7.19,5,0.0
1109,431737,208,7696494,17.7,18.0,17.6,17.8,0.05,17.75,24,17.85,23,6.43
1110,103451,36,1760276,16.95,17.1,16.95,16.95,0.0,16.9,97,17.0,19,282.5
1201,1490743,721,38060541,25.4,25.75,25.2,25.75,0.3,25.75,26,25.8,92,6.25
1203,70240,31,1854160,26.45,26.45,26.35,26.4,0.0,26.4,2,26.45,2,13.27
1210,1576963,1084,58263070,37.1,37.1,36.8,36.8,0.3,36.8,44,36.85,5,14.1
1213,31280,22,180777,5.8,5.87,5.73,5.87,0.02,5.78,2,5.87,2,0.0
1215,1033912,750,66113468,65.0,65.0,63.5,63.6,1.6,63.6,10,63.7,3,14.32
1216,7935841,3769,574249202,72.6,72.7,72.0,72.0,1.0,72.0,16,72.3,16,21.88
1217,292942,802,2013020,6.9,6.9,6.86,6.88,0.01,6.87,15,6.88,2,52.92
1218,527790,213,10870543,20.5,20.75,20.5,20.5,0.0,20.5,50,20.55,5,20.3
1219,209078,21,3724685,17.8,17.9,17.8,17.9,0.05,17.85,3,17.9,3,0.0
1220,85000,33,843310,9.98,9.98,9.86,9.96,0.02,9.93,2,9.96,1,24.9
1225,36002,32,1335726,37.9,37.9,36.9,37.0,1.1,37.0,1,37.3,3,32.46
1227,572499,528,35452338,62.5,62.5,61.3,62.0,0.6,61.8,10,62.0,35,17.32
1229,901022,742,30879692,34.5,34.5,34.1,34.15,0.3,34.15,8,34.2,7,13.77
1231,220096,189,9168503,41.9,41.9,41.5,41.5,0.3,41.5,15,41.75,3,12.73
1232,60787,73,7460375,122.0,123.0,122.0,123.0,1.5,122.5,2,123.0,12,19.97
1233,20218,19,776303,38.5,38.5,38.3,38.3,0.25,38.3,1,38.4,1,20.93
1234,36001,21,1126281,31.25,31.35,31.25,31.3,0.05,31.3,6,31.35,4,17.2
1235,2700,4,77079,28.75,28.75,28.45,28.45,0.35,28.05,3,28.4,1,98.1
1236,6000,5,78000,13.0,13.0,13.0,13.0,0.0,12.95,1,13.05,2,0.0
1256,111085,163,21212905,194.0,194.0,189.0,191.5,2.5,191.5,1,192.0,1,11.88
1301,3607184,2072,337843584,94.3,94.5,93.1,93.1,1.2,93.1,272,93.5,14,15.19
1303,5157094,2485,356916174,69.2,69.6,69.0,69.0,0.8,69.0,138,69.1,35,16.31
1304,395980,172,5035842,12.8,12.85,12.65,12.7,0.1,12.7,10,12.75,18,19.24
1305,1139008,710,22177249,19.7,19.85,19.3,19.35,0.3,19.35,19,19.4,9,16.68
1307,108753,67,2625757,24.3,24.3,24.0,24.1,0.05,23.95,2,24.1,12,28.35
1308,216994,100,3170961,14.6,14.7,14.6,14.6,0.1,14.6,14,14.7,97,17.38
1309,1079974,259,11909364,11.1,11.1,10.95,10.95,0.2,10.95,35,11.05,9,27.38
1310,3859750,1325,82907673,21.65,21.75,21.3,21.3,0.4,21.3,237,21.35,2,10.05
1312,6807162,1729,121725579,18.0,18.0,17.8,17.9,0.1,17.85,38,17.9,140,6.68
1312A,2000,2,67100,33.3,33.8,33.3,33.8,0.0,33.4,2,33.8,6,0.0
1313,523688,303,5389349,10.35,10.35,10.25,10.25,0.1,10.25,32,10.3,4,0.0
1314,8575809,2103,86844746,10.1,10.2,10.05,10.05,0.05,10.05,322,10.1,66,9.31
1315,143352,93,4851144,33.8,34.75,33.0,34.7,1.1,34.5,8,34.7,9,9.06
1316,272000,138,3502050,12.95,13.0,12.85,12.85,0.1,12.85,2,12.9,1,0.0
1319,912597,506,41438750,45.6,46.15,45.0,45.0,0.65,45.0,48,45.6,1,14.15
1321,1883300,864,59782400,30.45,32.35,30.35,32.1,1.55,31.95,1,32.1,2,0.0
1323,66278,42,2219062,33.7,33.7,33.35,33.5,0.2,33.4,1,33.5,4,10.31
1324,24000,12,236850,9.9,9.9,9.86,9.86,0.07,9.85,3,9.89,1,986.0
1325,18810,17,290793,15.5,15.5,15.45,15.45,0.15,15.45,16,15.5,16,26.19
1326,4752778,3154,412499481,87.2,87.5,86.4,86.4,1.5,86.4,74,86.5,2,14.07
1337,171817,107,981476,5.73,5.73,5.7,5.71,0.02,5.71,7,5.72,3,0.0
1338,178028,154,11447102,65.0,65.0,64.0,64.0,1.1,64.0,34,64.5,9,13.53
1339,163000,123,7153150,43.65,44.15,43.6,44.15,0.5,44.0,6,44.15,5,10.15
1340,376677,260,5987507,16.15,16.15,15.8,15.85,0.4,15.8,7,15.85,7,0.0
1341,10000,9,618200,61.3,62.3,61.3,62.3,1.6,61.2,7,62.3,1,20.43
1402,6624819,2236,188668837,28.5,28.65,28.35,28.35,0.2,28.35,12,28.4,55,14.92
1409,1182181,681,13399000,11.3,11.4,11.3,11.35,0.05,11.3,77,11.35,19,8.35
1410,384572,88,10349175,26.6,27.1,26.55,27.0,0.4,26.95,5,27.0,14,22.88
1413,429375,148,4329033,10.0,10.35,9.8,10.25,0.05,10.1,6,10.25,30,7.32
1414,171419,154,1187482,6.93,7.1,6.89,6.93,0.04,6.93,5,6.98,5,346.5
1416,40693,32,560089,13.8,13.8,13.7,13.75,0.0,13.75,1,13.8,12,12.61
1417,1231962,376,12283240,9.9,10.15,9.86,10.05,0.0,10.05,81,10.1,38,0.0
1418,0,0,0,,,,,0.0,6.53,1,7.15,1,0.0
1419,4045,6,166147,41.05,41.1,41.05,41.1,0.4,41.05,1,41.5,1,36.37
1423,18400,9,192360,10.45,10.5,10.45,10.45,0.0,10.45,12,10.5,15,28.24
1432,31000,23,217900,7.09,7.09,7.0,7.09,0.0,7.01,29,7.12,2,0.0
1434,1481781,721,50856629,34.25,34.45,34.1,34.45,0.0,34.25,24,34.45,69,9.9
1435,171010,58,1028390,5.95,6.12,5.95,6.07,0.11,5.95,9,6.07,2,0.0
1436,12294,10,442353,36.0,36.0,35.9,35.9,0.05,35.85,5,36.3,3,11.85
1437,106300,46,2397150,22.6,22.6,22.5,22.6,0.0,22.55,8,22.6,7,5.39
1438,86000,11,1074300,12.5,12.55,12.3,12.55,0.05,12.5,63,12.6,5,0.0
1439,38211,28,1078089,28.4,28.4,28.15,28.15,0.2,28.15,14,28.2,1,2.99
1440,1783550,554,20053355,11.25,11.35,11.15,11.2,0.05,11.2,8,11.25,67,38.62
1441,152258,111,1387951,9.23,9.23,9.04,9.04,0.14,9.06,2,9.1,5,0.0
1442,580560,170,9204432,16.15,16.15,15.8,16.0,0.15,15.95,2,16.0,17,0.0
1443,41217,17,395960,9.6,9.68,9.56,9.68,0.11,9.57,10,9.68,19,0.0
1444,698054,279,6493828,9.35,9.35,9.28,9.28,0.06,9.28,12,9.31,3,21.09
1445,40201,18,279207,6.97,6.97,6.9,6.97,0.01,6.93,5,6.97,5,0.0
1446,75000,55,2342150,31.35,31.4,31.15,31.3,0.15,31.2,2,31.3,4,0.0
1447,411268,1072,2833212,6.9,6.91,6.86,6.89,0.02,6.89,9,6.9,10,0.0
1449,67000,30,304090,4.4,4.7,4.4,4.6,0.19,4.6,5,4.64,3,12.78
1451,441882,310,9869426,22.65,22.65,22.05,22.2,0.45,22.15,20,22.2,1,15.97
1452,131355,67,2353424,18.0,18.0,17.85,17.9,0.1,17.9,29,18.0,56,12.34
1453,10405,7,83555,8.0,8.0,8.0,8.0,0.01,7.95,4,8.0,13,0.0
1454,40209,6,321998,8.01,8.01,8.0,8.0,0.02,7.89,1,7.99,3,38.1
1455,493678,214,4123685,8.42,8.42,8.32,8.34,0.08,8.34,12,8.35,9,0.0
1456,5069,4,41861,8.27,8.27,8.26,8.26,0.11,8.2,10,8.36,1,21.18
1457,256143,119,3552340,13.8,13.95,13.8,13.95,0.1,13.85,31,13.95,36,9.96
1459,41770,14,284079,6.81,6.81,6.79,6.8,0.01,6.78,1,6.8,2,0.0
1460,164976,104,1666450,10.1,10.15,10.05,10.1,0.05,10.05,193,10.1,8,77.69
1463,38659,32,508415,13.15,13.2,13.15,13.15,0.0,13.1,29,13.15,1,13.84
1464,4466950,2253,116805160,25.7,26.35,25.35,26.3,0.55,26.25,41,26.3,82,22.48
1465,10000,5,142550,14.25,14.3,14.2,14.3,0.05,14.3,2,14.5,4,3.98
1466,3728,3,29511,7.86,7.95,7.86,7.95,0.0,7.86,7,7.95,7,0.0
1467,53421,31,450509,8.49,8.49,8.42,8.42,0.07,8.42,8,8.44,5,60.14
1468,11000,7,109830,9.99,9.99,9.98,9.99,0.0,9.85,1,9.99,2,27.0
1470,0,0,0,,,,,0.0,20.8,1,21.95,3,23.72
1471,144514,62,462880,3.25,3.25,3.17,3.18,0.01,3.18,7,3.2,9,0.0
1472,37105,24,1163041,31.75,31.75,31.05,31.55,0.25,31.2,4,31.6,6,13.78
1473,100000,70,2508900,25.2,25.2,25.0,25.2,0.1,25.15,1,25.2,1,14.57
1474,21742,21,192073,8.85,8.85,8.81,8.84,0.0,8.83,2,8.86,7,32.74
1475,0,0,0,,,,,0.0,5.01,1,5.29,1,0.0
1476,913330,814,370098330,410.0,412.5,400.5,400.5,13.0,400.5,8,402.0,12,25.86
1477,1803591,1338,300494106,165.5,168.5,165.0,165.0,1.0,165.0,180,166.0,2,19.21
1503,63260,67,2829455,44.8,44.85,44.7,44.7,0.1,44.7,2,44.9,2,14.47
1504,4018028,1526,104417766,25.95,26.15,25.8,25.95,0.0,25.95,84,26.0,13,15.26
1506,90360,38,1379207,15.35,15.4,15.15,15.35,0.05,15.1,6,15.35,2,0.0
1507,2516085,126,158893694,62.8,63.8,62.4,63.0,0.6,62.5,4,63.0,2,53.85
1512,54027,24,270502,4.88,5.05,4.88,4.97,0.07,4.97,1,5.03,1,0.0
1513,376384,140,7567614,20.1,20.15,20.1,20.1,0.0,20.1,86,20.15,68,15.95
1514,2421542,612,40732614,16.9,17.0,16.5,16.65,0.25,16.65,4,16.7,16,12.71
1515,1642600,1131,137946819,85.5,85.5,83.2,83.5,2.0,83.5,86,83.8,2,12.14
1516,3000,3,46300,15.3,15.5,15.3,15.5,0.0,15.3,1,15.5,1,44.29
1517,100205,34,917859,9.2,9.2,9.15,9.17,0.01,9.17,1,9.19,15,131.0
1519,228001,148,5908325,26.0,26.1,25.85,25.95,0.0,25.9,1,25.95,8,25.69
1521,54000,50,3465500,64.5,64.5,64.0,64.1,0.5,64.0,7,64.3,4,14.06
1522,1281130,590,38949801,30.55,30.7,30.25,30.6,0.15,30.55,1,30.6,3,15.61
1524,159004,40,1578366,9.95,9.96,9.91,9.96,0.02,9.91,10,9.97,3,9.58
1525,10010,11,536938,53.7,53.7,53.6,53.6,0.2,53.5,5,54.0,1,10.57
1526,214772,152,5663936,26.7,26.7,26.2,26.2,0.4,26.2,20,26.3,3,13.1
1527,317500,262,15669450,49.6,49.8,49.1,49.1,0.5,49.1,15,49.15,4,6.98
1528,129840,55,1163411,8.98,8.98,8.93,8.96,0.02,8.95,10,8.96,15,0.0
1529,273220,154,4740462,17.0,17.7,16.8,17.25,0.45,17.25,2,17.3,4,63.89
1530,4274,5,121530,28.5,28.5,28.4,28.4,0.1,28.35,4,28.45,2,10.52
1531,62521,31,939515,14.9,15.1,14.9,15.1,0.1,15.05,1,15.15,9,33.56
1532,265699,103,8119252,30.75,30.8,30.5,30.55,0.2,30.55,5,30.65,3,7.85
1533,221040,146,8190938,37.25,37.85,36.85,37.25,0.2,36.85,2,37.25,8,14.0
1535,214030,138,7643430,36.0,36.0,35.3,35.75,0.35,35.75,3,35.95,1,42.56
1536,1452800,845,152008000,105.0,106.0,104.0,104.5,1.5,104.5,6,105.0,643,27.07
1537,104631,101,14941546,143.0,143.5,142.5,142.5,0.5,142.5,68,143.0,48,11.68
1538,342,1,1326,,,,,0.0,3.82,5,3.97,1,0.0
1539,129600,101,2561770,19.5,20.0,19.5,19.8,0.25,19.8,10,19.85,1,4.12
1540,149168,76,2851367,19.15,19.2,19.1,19.15,0.05,19.1,15,19.15,9,9.34
1541,20000,14,700450,34.8,35.2,34.8,35.15,0.2,35.15,1,35.2,6,26.63
1558,13265,16,1749245,131.5,132.0,131.5,132.0,0.5,132.0,5,132.5,4,9.46
1560,562014,426,35736080,63.5,64.4,63.0,63.2,0.3,63.2,6,63.3,1,14.53
1568,107000,71,2162800,20.15,20.5,20.15,20.15,0.0,20.15,10,20.2,1,46.86
1582,136800,118,10529558,77.3,77.4,76.6,77.1,0.2,76.9,2,77.1,5,10.42
1583,8000,4,422400,52.8,52.8,52.8,52.8,0.2,52.0,1,52.8,2,11.97
1587,14380,15,247754,17.25,17.25,17.2,17.25,0.05,17.2,6,17.25,1,20.78
1589,471030,290,26323879,55.9,56.2,55.7,55.9,0.0,55.8,9,55.9,2,0.0
1590,1464022,1220,549270760,374.0,378.0,370.5,377.0,7.0,376.5,2,377.0,13,27.46
1592,127061,60,2525859,19.75,20.0,19.7,19.9,0.05,19.7,3,19.9,17,0.0
1598,501636,105,20136709,40.05,40.4,40.05,40.1,0.05,40.05,6,40.1,6,18.48
1603,88060,50,1904248,21.3,21.75,21.3,21.75,0.0,21.65,4,21.75,6,19.08
1604,261579,159,4781762,18.3,18.35,18.2,18.3,0.05,18.25,7,18.35,34,7.32
1605,5821960,1709,83827320,14.45,14.55,14.3,14.3,0.15,14.3,777,14.4,41,7.57
1608,465595,176,4446261,9.55,9.57,9.52,9.55,0.01,9.55,3,9.56,4,0.0
1609,1010997,348,10634466,10.5,10.6,10.45,10.5,0.0,10.45,117,10.5,16,19.81
1611,3352410,960,35493985,10.35,10.75,10.35,10.65,0.3,10.65,82,10.7,117,27.31
1612,255001,67,2676710,10.5,10.6,10.45,10.45,0.05,10.45,55,10.5,2,16.85
1614,170000,96,5009550,29.3,29.7,29.2,29.25,0.05,29.3,2,29.35,8,40.07
1615,91111,33,1519392,16.5,16.75,16.5,16.7,0.2,16.55,4,16.75,13,9.44
1616,64000,18,299010,4.69,4.78,4.62,4.77,0.0,4.65,2,4.77,2,0.0
1617,7000,4,84100,12.0,12.05,12.0,12.05,0.05,12.0,11,12.05,6,11.48
1618,169172,53,1371219,8.15,8.15,8.06,8.15,0.0,8.15,11,8.16,2,0.0
1626,181000,114,5489800,30.6,30.65,30.0,30.25,0.05,30.2,14,30.35,3,12.6
1701,288354,134,5441936,18.8,18.95,18.8,18.9,0.1,18.85,9,18.9,17,15.24
1702,255382,218,12787838,50.1,50.3,49.95,50.2,0.3,50.2,18,50.3,7,13.28
1707,230457,225,43448873,188.0,189.5,188.0,189.0,1.0,188.5,4,189.0,17,19.4
1708,52014,33,1328604,25.55,25.65,25.5,25.5,0.1,25.5,5,25.6,1,17.23
1709,80467,47,1027492,12.8,12.8,12.75,12.75,0.05,12.7,56,12.75,10,34.46
1710,679386,575,15259239,22.55,22.55,22.35,22.4,0.15,22.4,3,22.5,5,28.35
1711,431659,190,6916494,16.2,16.2,15.95,16.0,0.1,16.0,5,16.05,1,20.51
1712,285926,189,5324071,18.6,18.7,18.55,18.6,0.0,18.55,128,18.6,4,11.77
1713,2178,5,39504,18.15,18.15,18.15,18.15,0.05,17.95,4,18.15,1,25.93
1714,683905,226,4787240,6.98,7.02,6.98,7.01,0.03,7.01,22,7.02,103,22.61
1717,423415,300,10782014,25.5,25.55,25.35,25.35,0.2,25.35,35,25.5,10,15.94
1718,1001118,409,8171238,8.15,8.19,8.13,8.13,0.02,8.13,52,8.15,18,0.0
1720,55432,34,1784937,32.25,32.3,32.1,32.1,0.15,32.1,13,32.2,1,15.0
1721,113900,69,966316,8.5,8.56,8.41,8.5,0.1,8.49,2,8.53,5,60.71
1722,9574973,4940,474055455,49.0,50.0,48.65,49.3,0.15,49.3,22,49.35,35,21.16
1723,82496,94,10322496,125.5,126.0,125.0,125.0,1.0,125.0,10,125.5,13,18.94
1724,46163,21,588194,12.7,12.85,12.65,12.8,0.05,12.7,2,12.75,1,17.3
1725,10000,7,145100,14.5,14.55,14.5,14.5,0.0,14.45,13,14.7,1,13.68
1726,10290,8,725305,70.9,70.9,70.3,70.7,0.4,70.2,4,70.9,1,18.36
1727,68631,30,826902,12.1,12.15,12.0,12.05,0.05,12.05,7,12.1,1,27.39
1730,114100,106,8225747,72.8,72.8,71.8,72.0,0.8,72.0,5,72.1,9,10.84
1731,81152,45,1073206,13.25,13.25,13.2,13.25,0.0,13.2,12,13.25,14,18.93
1732,25010,17,250501,10.05,10.1,10.0,10.1,0.0,10.0,9,10.1,8,34.83
1733,151028,98,4111965,27.25,27.35,27.15,27.15,0.2,27.15,13,27.2,2,32.71
1734,61585,45,1176893,19.1,19.15,19.05,19.1,0.05,19.1,5,19.15,6,0.0
1735,55061,38,948002,17.65,17.9,16.9,17.1,0.4,17.0,4,17.15,1,28.5
1736,5381247,3672,411760466,77.9,78.0,75.2,76.8,2.3,76.8,1,76.9,8,23.85
1737,244850,155,7914030,32.35,32.4,32.25,32.3,0.05,32.3,2,32.4,7,19.23
1760,301401,256,25671043,84.5,85.9,84.5,85.5,1.0,85.3,6,85.5,1,32.88
1762,1289001,810,43416233,34.0,34.15,33.2,33.2,0.05,33.2,171,33.35,1,9.54
1773,143087,126,11935769,84.4,84.4,82.8,83.7,0.7,83.7,3,84.0,1,14.56
1776,39138,34,575871,14.8,14.8,14.6,14.65,0.2,14.65,1,14.75,1,73.25
1783,211001,133,5283674,25.4,25.45,24.85,24.9,0.55,24.9,2,24.95,4,29.64
1786,291249,209,20417702,70.9,71.6,69.4,70.0,0.9,70.0,11,70.2,1,39.55
1789,234127,140,5407174,23.1,23.2,23.0,23.1,0.0,23.1,11,23.15,19,59.23
1802,1002567,756,11551965,11.55,11.6,11.5,11.5,0.1,11.5,345,11.6,147,0.0
1805,35064,19,309230,8.8,8.9,8.8,8.81,0.19,8.8,15,8.81,1,0.0
1806,57593,35,371941,6.48,6.51,6.43,6.47,0.0,6.42,14,6.47,14,0.0
1808,1976372,781,133353168,67.1,67.9,66.8,66.8,0.8,66.8,24,67.0,12,36.3
1809,4408959,1440,57519075,12.75,13.25,12.75,12.9,0.25,12.9,121,12.95,16,0.0
1810,105720,36,800258,7.62,7.62,7.56,7.6,0.02,7.57,7,7.6,5,0.0
1817,18000,15,634850,35.35,35.35,35.15,35.3,0.05,35.25,1,35.3,2,11.89
1902,251479,104,5047480,20.2,20.2,19.9,20.15,0.0,20.05,2,20.15,11,31.48
1903,16447,25,514480,31.0,31.5,31.0,31.45,0.4,31.1,1,31.35,1,0.0
1904,2436629,1062,43675175,18.2,18.25,17.65,17.65,0.4,17.65,170,17.85,3,10.2
1905,1152175,260,10645154,9.27,9.27,9.2,9.26,0.02,9.26,66,9.27,9,28.94
1906,80149,32,988477,12.3,12.4,12.3,12.4,0.05,12.3,9,12.4,10,9.69
1907,627179,385,7299714,11.7,11.7,11.55,11.6,0.05,11.6,22,11.65,16,12.34
1909,2073959,848,28067143,13.55,13.6,13.5,13.5,0.1,13.5,54,13.55,40,337.5
2002,8395919,3848,192622087,23.0,23.05,22.9,22.9,0.15,22.9,438,22.95,253,17.35
2002A,12020,11,598398,49.85,49.9,49.6,49.9,0.05,49.7,2,49.9,1,0.0
2006,1371983,611,29404332,21.55,21.65,21.2,21.45,0.15,21.45,7,21.5,26,20.83
2007,20968,20,97441,4.72,4.72,4.58,4.6,0.05,4.59,3,4.6,7,0.0
2008,4393,5,54214,12.35,12.35,12.35,12.35,0.0,12.35,46,12.4,7,0.0
2009,64098,31,606844,9.47,9.49,9.46,9.49,0.04,9.48,2,9.49,2,316.33
2010,177382,67,1810696,10.2,10.25,10.15,10.2,0.0,10.15,132,10.2,25,34.0
2012,14199,13,279890,19.75,19.75,19.65,19.65,0.1,19.7,1,19.75,1,11.42
2013,371590,218,9369769,25.4,25.65,24.85,24.95,0.55,24.95,13,25.0,3,43.77
2014,5826323,1564,53820561,9.35,9.38,9.12,9.12,0.33,9.12,38,9.19,32,7.18
2015,359462,344,18636824,52.0,52.3,51.6,51.6,0.4,51.6,87,51.9,15,11.14
2017,175707,72,1155365,6.66,6.66,6.55,6.56,0.04,6.55,25,6.56,2,93.71
2020,101342,43,1464024,14.45,14.6,14.4,14.45,0.1,14.45,4,14.5,9,8.98
2022,434439,1073,2556014,5.89,5.9,5.87,5.89,0.01,5.88,27,5.89,23,0.0
2023,674064,404,6153488,9.13,9.16,9.09,9.14,0.03,9.13,6,9.14,1,0.0
2024,156000,38,1886650,12.1,12.2,12.05,12.05,0.05,12.05,20,12.1,3,26.78
2025,272777,39,446820,1.63,1.68,1.63,1.63,0.07,1.63,84,1.69,2,0.0
2027,3011812,1680,100820048,33.75,33.75,33.15,33.2,0.6,33.2,239,33.3,7,8.45
2028,507200,46,4667572,9.23,9.23,9.1,9.19,0.02,9.19,1,9.21,12,8.21
2029,92512,41,1847037,19.9,20.1,19.85,20.0,0.25,19.95,14,20.0,21,80.0
2030,319276,128,4186527,13.15,13.25,13.05,13.2,0.05,13.2,30,13.25,10,11.0
2031,406079,232,11364051,28.0,28.1,27.9,27.9,0.25,27.9,12,28.0,13,126.82
2032,16087,4,149459,9.29,9.29,9.29,9.29,0.01,9.2,2,9.25,10,103.22
2033,50000,22,443950,8.85,8.95,8.85,8.86,0.05,8.86,7,8.92,5,110.75
2034,426498,195,11186470,26.2,26.3,26.15,26.25,0.2,26.25,33,26.3,5,13.67
2038,41000,21,300580,7.32,7.41,7.3,7.4,0.02,7.32,2,7.41,11,0.0
2049,1660447,1481,422732432,252.0,256.5,250.5,254.5,0.5,254.5,53,255.0,20,18.89
2059,198062,165,72713692,368.5,368.5,366.0,367.0,1.0,367.0,6,368.0,4,20.77
2062,174000,136,5170550,29.95,30.0,29.5,29.5,0.45,29.5,7,29.6,20,44.03
2069,146000,66,2926250,20.0,20.1,20.0,20.05,0.15,20.05,16,20.15,13,3.89
2101,5671852,2867,288748124,50.4,51.6,50.0,51.2,1.0,51.1,6,51.2,122,66.49
2102,3174985,820,39430958,12.15,12.65,12.15,12.55,0.4,12.5,35,12.55,21,0.0
2103,723234,444,17403191,24.1,24.2,23.9,24.05,0.0,24.05,9,24.15,12,16.82
2104,1134950,808,37089074,32.7,32.8,32.55,32.6,0.15,32.6,70,32.65,12,11.64
2105,6590185,1699,296715245,45.0,45.3,44.9,44.9,0.25,44.85,85,44.9,7,39.73
2106,855599,609,26375896,30.6,31.15,30.5,30.8,0.1,30.8,19,30.9,20,33.12
2107,239806,133,4321158,18.1,18.1,18.0,18.05,0.1,18.0,88,18.05,48,16.87
2108,638203,387,19800993,31.35,31.35,30.95,31.0,0.35,31.0,2,31.05,1,9.06
2109,41001,22,453611,11.05,11.1,11.05,11.05,0.05,11.0,17,11.05,9,0.0
2114,13600,18,1135656,83.7,83.7,83.0,83.0,0.7,83.0,5,83.7,5,14.04
2115,23050,13,920595,39.8,40.1,39.7,39.9,0.0,39.7,1,40.0,9,13.85
2201,4642969,1690,88270198,19.2,19.2,18.95,18.95,0.3,18.95,360,19.0,5,0.0
2204,749408,641,31896701,42.6,43.3,42.2,42.85,0.15,42.85,7,42.95,2,38.6
2206,369272,152,7647804,20.7,20.8,20.65,20.7,0.0,20.7,5,20.75,122,6.14
2207,637596,404,297161756,466.0,475.0,464.0,464.0,6.5,464.0,20,466.0,1,24.59
2208,334078,204,8736175,26.2,26.25,26.0,26.2,0.0,26.15,7,26.2,73,0.0
2227,46859,55,11514102,246.5,246.5,245.5,245.5,1.0,245.5,7,246.0,1,12.22
2228,543001,456,68577626,126.5,128.0,125.0,125.0,1.0,125.0,13,125.5,3,17.03
2231,218834,221,55142249,253.0,255.0,250.5,250.5,3.5,250.5,10,251.0,1,27.44
2233,164016,135,11653832,71.5,71.5,70.9,70.9,0.7,70.9,14,71.0,3,11.78
2236,18003,16,417919,23.3,23.3,23.1,23.2,0.4,23.2,4,23.35,1,12.41
2239,42200,39,4077439,96.5,97.3,95.5,97.2,0.2,96.7,1,97.2,3,14.25
2243,40000,19,594950,15.1,15.1,14.65,14.95,0.0,14.85,6,14.95,7,0.0
2301,4541967,2795,220167483,48.55,48.8,48.3,48.3,0.8,48.3,228,48.35,6,12.45
2302,63127,31,495640,7.81,7.91,7.81,7.84,0.01,7.84,5,7.89,3,37.33
2303,38292987,6433,506198878,13.35,13.35,13.15,13.15,0.2,13.15,2217,13.2,249,52.6
2305,98998,45,597078,6.1,6.1,6.02,6.02,0.05,6.02,1,6.03,10,0.0
2308,16298343,8186,2090725024,130.0,130.0,127.0,127.0,4.5,127.0,733,127.5,12,13.17
2312,3376588,606,36202058,10.9,10.9,10.6,10.75,0.2,10.7,131,10.75,25,18.86
2313,38247639,14857,1490279750,39.0,39.65,38.45,38.6,0.35,38.6,2,38.65,48,19.79
2314,783350,443,17963063,23.05,23.15,22.8,22.9,0.25,22.9,37,22.95,2,109.05
2316,6610929,4317,285576652,44.55,45.55,42.25,42.25,3.3,42.25,74,42.3,14,17.98
2317,18869984,7885,1382827132,73.5,73.8,72.9,72.9,1.1,72.9,474,73.0,17,8.13
2321,41541,17,68304,1.63,1.66,1.63,1.66,0.02,1.65,5,1.72,26,0.0
2323,9035926,2858,102396301,11.5,11.6,11.2,11.25,0.25,11.2,626,11.25,11,13.24
2324,11291392,3547,200452011,17.85,17.85,17.7,17.7,0.15,17.7,4098,17.75,86,8.98
2327,21959611,15991,6532397533,295.5,305.0,292.0,301.5,3.0,301.0,84,301.5,12,5.62
2328,2794853,1110,64736919,23.1,23.35,22.9,23.0,0.25,23.0,15,23.05,18,10.5
2329,16442661,5236,268071498,17.35,17.45,15.8,16.0,1.3,16.0,442,16.05,10,27.59
2330,34895456,14567,9890256397,283.5,286.0,282.0,282.0,4.5,282.0,517,282.5,111,23.06
2331,333144,154,4311598,12.95,13.0,12.9,12.95,0.1,12.9,35,12.95,12,0.0
2332,1419462,495,16585725,11.6,11.75,11.55,11.7,0.05,11.7,50,11.75,67,0.0
2337,72016735,22885,2307907420,32.4,32.45,31.8,31.9,0.75,31.9,624,31.95,86,11.31
2338,4282094,2318,138903212,33.2,33.2,32.05,32.55,0.4,32.5,16,32.55,41,72.33
2340,2527669,1548,61760119,24.65,24.8,24.15,24.3,0.3,24.3,13,24.4,3,17.87
2342,152689,115,2929182,19.4,19.4,19.1,19.2,0.2,19.2,2,19.25,20,0.0
2344,42984641,11185,733077342,17.5,17.55,16.9,16.9,0.7,16.9,3908,16.95,23,14.7
2345,8970848,5579,1642880532,179.0,185.0,178.5,185.0,5.0,184.5,2,185.0,126,27.25
2347,3675745,1618,133859690,36.5,36.75,36.2,36.2,0.65,36.2,117,36.3,121,9.92
2348,878013,494,42718967,49.4,49.6,47.85,47.85,0.65,47.85,12,47.9,11,8.93
2349,4451052,1328,37850235,8.62,8.66,8.45,8.45,0.17,8.45,422,8.46,5,0.0
2351,386643,282,23359743,61.5,61.6,60.0,60.1,1.5,60.1,15,60.3,1,14.73
2352,6041837,1922,132832410,21.9,22.1,21.8,22.05,0.15,22.0,18,22.05,274,10.4
2353,4274881,1768,74220719,17.45,17.5,17.3,17.3,0.15,17.3,373,17.35,194,20.35
2354,2984069,1941,189208240,63.8,64.2,63.0,63.0,1.5,63.0,47,63.3,4,9.75
2355,741665,467,22292664,30.25,30.3,30.0,30.0,0.35,30.0,168,30.05,22,14.85
2356,8323531,3091,179857774,21.75,21.8,21.5,21.55,0.3,21.5,541,21.55,43,12.75
2357,695979,616,140199779,202.5,203.0,200.5,200.5,2.0,200.5,79,201.0,13,33.93
2358,43293,37,707725,16.3,16.85,16.25,16.4,0.1,16.35,5,16.4,6,65.6
2359,317005,135,6549403,20.8,20.95,20.55,20.75,0.05,20.65,14,20.75,4,10.7
2360,1742662,1361,260553800,148.5,150.5,147.5,149.0,3.0,148.5,58,149.0,12,33.41
2362,237987,182,7328749,30.95,30.95,30.6,30.6,0.15,30.6,13,30.75,1,18.66
2363,873203,257,7023024,8.07,8.08,8.03,8.03,0.06,8.03,13,8.05,40,0.0
2364,50209,12,135413,2.7,2.7,2.68,2.7,0.0,2.68,13,2.7,9,0.0
2365,163526,69,1321508,8.1,8.11,8.05,8.11,0.02,8.1,1,8.11,8,73.73
2367,67001445,25291,2382882051,35.55,36.35,35.0,35.1,0.05,35.1,183,35.15,49,17.82
2368,4348000,1188,59602748,13.8,13.9,13.6,13.6,0.15,13.6,193,13.65,89,0.0
2369,463021,200,4225841,9.11,9.18,9.09,9.15,0.0,9.15,24,9.16,36,0.0
2371,3561153,1121,59476029,16.65,16.8,16.6,16.75,0.1,16.7,123,16.75,79,0.0
2373,15248,19,1419012,93.0,93.1,93.0,93.1,0.1,93.0,6,93.5,2,13.96
2374,2930988,1345,50240646,16.7,17.3,16.7,17.05,0.25,17.0,16,17.05,11,0.0
2375,8380486,4305,350750621,42.3,42.9,40.65,42.2,0.3,42.2,4,42.25,3,140.67
2376,3861441,2579,191287793,49.5,49.9,49.3,49.35,0.35,49.35,28,49.4,13,30.84
2377,3221374,2064,284873067,89.0,89.3,88.1,88.3,1.6,88.3,19,88.4,45,15.71
2379,4355376,2651,1007121658,233.0,236.0,229.5,230.5,3.0,230.5,4,231.0,27,20.43
2380,262455,92,1108923,4.2,4.3,4.19,4.29,0.06,4.2,5,4.29,1,0.0
2382,5289295,2773,288858484,55.1,55.1,54.4,54.4,0.6,54.4,214,54.5,97,13.14
2383,8344325,5489,1021280800,123.0,125.5,119.5,124.0,1.0,123.5,82,124.0,6,17.82
2385,1611241,1111,149089014,93.0,93.2,91.7,92.2,1.0,92.1,20,92.2,52,12.41
2387,8598470,5110,329078913,37.7,38.95,37.5,38.35,1.05,38.35,73,38.6,7,36.52
2388,687563,439,23027988,33.75,34.1,33.2,33.4,0.35,33.35,1,33.4,8,371.11
2390,1003253,458,11142194,11.2,11.25,11.0,11.05,0.15,11.05,67,11.1,41,0.0
2392,30960244,14822,1235747533,38.9,40.5,38.9,40.5,2.0,40.45,2,40.5,183,10.74
2393,1459191,939,39341857,27.35,27.35,26.85,26.85,0.5,26.85,34,26.95,4,15.79
2395,437663,383,122506977,282.0,285.5,279.0,279.0,5.0,279.0,13,279.5,1,28.44
2397,23163,21,1872536,81.2,81.4,80.6,80.6,1.0,80.5,1,80.6,5,14.32
2399,680551,236,7239817,10.7,10.75,10.55,10.65,0.1,10.6,39,10.65,20,0.0
2401,1453311,635,19917492,13.8,13.9,13.6,13.7,0.1,13.65,17,13.7,29,228.33
2402,655060,286,11109655,17.1,17.15,16.85,16.85,0.2,16.85,36,16.9,3,20.3
2404,775058,570,125740954,162.0,163.0,161.0,163.0,2.0,162.5,1,163.0,66,10.35
2405,9593123,3278,121702410,12.2,13.15,12.2,12.8,0.65,12.75,226,12.8,106,0.0
2406,1182552,403,8321004,7.08,7.1,7.0,7.02,0.09,7.02,15,7.03,6,0.0
2408,50835812,22261,3722567948,74.7,75.1,71.4,71.4,7.2,71.4,136,71.6,3,8.02
2409,39907575,5242,317200388,7.97,8.04,7.89,7.89,0.13,7.89,900,7.9,3,0.0
2412,4920025,2849,551417756,112.0,112.5,111.5,111.5,1.0,111.5,690,112.0,80,25.57
2413,190001,113,3313767,17.9,17.9,17.2,17.2,0.55,17.2,57,17.4,26,0.0
2414,135660,56,2994751,22.1,22.2,22.0,22.2,0.05,22.1,2,22.2,9,13.45
2415,79520,36,1591798,20.2,20.2,20.0,20.0,0.0,20.0,27,20.1,3,27.4
2417,268000,89,2778400,10.4,10.4,10.3,10.35,0.1,10.35,100,10.4,4,103.5
2419,412818,219,7808654,18.95,19.1,18.85,18.9,0.15,18.85,29,18.9,11,19.29
2420,145146,97,4981786,34.3,34.5,34.25,34.3,0.0,34.3,4,34.35,4,9.74
2421,3058501,1970,112937611,37.4,37.7,36.55,36.8,0.8,36.8,4,36.85,1,16.5
2423,485647,323,12915995,26.2,26.85,26.2,26.65,0.6,26.65,22,26.7,41,11.95
2424,2000,2,56550,28.3,28.3,28.25,28.25,0.0,28.2,6,29.0,1,0.0
2425,128600,85,3421169,26.35,26.9,26.35,26.45,0.15,26.45,4,26.5,3,20.83
2426,1284449,633,19241336,15.25,15.25,14.85,14.9,0.35,14.9,19,14.95,1,30.41
2427,70000,26,740350,10.55,10.65,10.5,10.6,0.0,10.55,81,10.6,23,16.83
2428,233390,196,18803095,80.5,81.1,80.1,80.1,1.5,80.1,9,80.2,2,9.51
2429,133345,73,2945028,20.65,22.55,20.65,22.55,2.05,22.55,214,,0,0.0
2430,67197,49,1145088,17.1,17.1,16.95,17.0,0.1,17.0,4,17.05,2,18.89
2431,857060,447,9811979,11.8,11.8,11.3,11.3,0.55,11.3,23,11.4,1,0.0
2433,206608,135,10011998,48.5,48.5,48.3,48.35,0.15,48.35,2,48.45,1,11.74
2434,19111,13,112469,6.0,6.09,5.42,6.09,0.09,6.09,2,6.1,10,0.0
2436,574538,401,15116405,26.6,26.6,26.2,26.2,0.55,26.2,22,26.25,17,32.75
2438,45430,11,272685,6.02,6.04,6.0,6.0,0.01,5.9,1,6.0,1,0.0
2439,2945318,2127,445207853,150.0,153.0,149.5,150.0,1.0,150.0,256,150.5,3,9.52
2440,3002,4,23764,7.9,7.95,7.9,7.95,0.05,7.9,3,7.95,11,0.0
2441,353095,263,14839796,42.2,42.3,41.9,42.25,0.15,42.0,14,42.25,3,12.43
2442,724179,293,8815626,12.2,12.25,12.15,12.2,0.0,12.15,29,12.2,44,2.95
2443,124648,63,317567,2.55,2.57,2.52,2.56,0.01,2.54,1,2.56,6,0.0
2444,3584343,639,77645124,21.5,21.85,21.1,21.75,0.25,21.5,7,21.75,14,0.0
2448,12455596,4680,307198719,24.85,24.9,24.5,24.5,0.7,24.5,170,24.55,272,0.0
2449,8182035,4312,286114425,35.2,35.25,34.75,35.0,0.6,34.95,84,35.0,87,20.83
2450,50000,42,1525900,30.5,30.6,30.5,30.5,0.1,30.5,13,30.6,4,24.21
2451,565573,388,37444472,66.0,66.5,65.7,65.8,0.4,65.8,14,66.2,11,16.92
2453,620835,315,10180177,16.3,16.55,16.3,16.3,0.2,16.3,1,16.35,3,16.63
2454,8426727,6485,3163185625,382.0,382.5,372.0,372.0,12.5,372.0,95,372.5,3,28.66
2455,13811092,9031,1580149846,109.0,117.5,108.5,112.5,2.5,112.5,182,113.0,5,54.61
2456,3112619,2421,258847189,83.3,84.4,82.4,82.9,0.9,82.8,42,82.9,5,8.14
2457,216901,76,1843032,8.52,8.54,8.45,8.46,0.06,8.46,4,8.5,1,0.0
2458,4862400,3247,436301800,90.6,90.6,89.1,89.1,1.5,89.1,33,89.5,3,14.85
2459,34122,28,1280693,37.55,37.65,37.5,37.65,0.1,37.55,3,37.65,1,9.23
2460,111479,41,1032336,9.35,9.35,9.24,9.26,0.06,9.26,4,9.29,1,0.0
2461,1409201,619,32310170,23.3,23.35,22.75,22.75,0.45,22.75,16,22.9,9,52.91
2462,282384,144,8099586,28.95,29.15,28.25,29.15,0.2,29.05,2,29.15,3,24.29
2464,796895,567,29452241,36.8,37.1,36.8,36.9,0.5,36.9,22,36.95,10,7.69
2465,210500,120,2335950,11.2,11.25,11.0,11.1,0.0,11.05,12,11.1,16,0.0
2466,80000,44,2579200,32.1,32.3,32.1,32.3,0.05,32.1,2,32.35,3,111.38
2467,441601,284,10789212,24.45,24.7,24.3,24.55,0.2,24.5,3,24.55,14,7.24
2468,35000,23,437900,12.5,12.55,12.5,12.5,0.15,12.5,1,12.55,5,21.19
2471,462520,254,8925229,19.6,19.65,19.15,19.25,0.4,19.2,17,19.3,1,11.81
2472,247000,186,10462500,42.1,42.7,42.0,42.35,0.0,42.35,4,42.4,2,10.89
2474,7996358,5469,2034145716,258.0,258.5,252.0,252.0,8.0,252.0,112,252.5,7,10.84
2476,50600,44,1202549,23.85,23.95,23.7,23.7,0.1,23.7,2,23.8,1,11.73
2477,64200,52,1536789,24.0,24.15,23.85,23.85,0.25,23.85,3,24.0,1,15.19
2478,2517714,1838,118562848,47.4,47.65,46.6,46.7,0.2,46.7,17,46.9,4,7.68
2480,351530,245,18869164,53.4,54.1,53.4,53.7,0.3,53.7,5,53.8,2,13.23
2481,2147878,1398,57803606,26.75,27.35,26.2,27.0,0.15,27.0,67,27.05,4,14.84
2482,785142,342,10663467,13.95,14.0,13.5,13.5,0.3,13.5,3,13.55,1,40.91
2483,136000,57,2721700,20.15,20.15,19.95,20.0,0.1,20.0,19,20.05,13,10.42
2484,668084,296,13400346,20.25,20.25,19.95,20.0,0.25,20.0,12,20.1,2,15.5
2485,5733913,2403,138370677,24.3,24.4,23.85,23.85,0.55,23.85,33,23.95,5,29.81
2486,224702,78,1816292,8.18,8.18,8.03,8.11,0.01,8.08,6,8.11,4,0.0
2488,375300,198,12286478,32.8,32.8,32.35,32.5,0.35,32.5,10,32.55,6,8.0
2489,575209,212,6582579,11.55,11.55,11.4,11.45,0.1,11.45,12,11.5,32,38.17
2491,65976,56,671451,10.4,10.4,10.05,10.3,0.0,10.3,1,10.35,2,0.0
2492,18845253,11456,3431430293,181.0,185.0,179.0,180.0,1.0,180.0,297,180.5,4,4.9
2493,58774,50,1635301,27.85,27.85,27.8,27.85,0.0,27.8,4,27.85,3,9.47
2495,453001,261,6760864,14.7,15.1,14.65,14.95,0.25,14.9,12,14.95,3,16.99
2496,5030,6,331483,66.5,66.5,65.5,65.5,1.0,65.3,1,65.9,1,11.63
2497,85082,62,2127808,25.15,25.15,24.85,25.1,0.2,25.0,1,25.1,9,0.0
2498,8516754,3975,324258052,38.3,38.6,37.7,37.7,0.55,37.7,14,37.75,12,0.0
2499,3953847,1334,24391138,6.15,6.27,6.04,6.22,0.07,6.22,14,6.23,1,0.0
2501,667599,527,13518766,20.4,20.45,20.1,20.15,0.25,20.15,14,20.25,2,7.44
2504,55081400,8979,572003292,9.73,10.65,9.73,10.65,0.93,10.65,1087,,0,25.36
2505,1140511,375,15948248,13.8,14.25,13.65,13.85,0.05,13.85,12,13.9,1,106.54
2506,16068,15,180710,11.25,11.25,11.25,11.25,0.05,11.25,3,11.3,7,21.63
2509,54743,47,1353810,24.75,24.85,24.65,24.65,0.25,24.65,2,24.75,1,3.11
2511,396469,216,4348078,10.95,11.0,10.95,10.95,0.0,10.95,16,11.0,60,13.04
2514,103134,73,1587119,15.35,15.45,15.35,15.45,0.05,15.4,8,15.5,52,8.54
2515,5524191,1157,42758540,7.72,7.78,7.7,7.74,0.0,7.74,29,7.75,10,55.29
2516,17838,6,105523,5.92,5.92,5.91,5.92,0.0,5.93,3,5.95,1,17.94
2520,2135834,581,61111168,28.35,28.75,28.25,28.75,0.5,28.45,2,28.75,10,14.67
2524,147285,91,4051120,28.65,28.65,27.35,27.35,0.35,27.35,1,27.5,62,9.77
2527,36000,27,809400,22.5,22.55,22.4,22.5,0.0,22.4,12,22.5,9,8.15
2528,155525,69,3255070,20.9,21.05,20.8,21.0,0.1,20.9,30,21.0,9,0.0
2530,13305,14,213330,15.9,16.1,15.9,16.1,0.2,16.0,1,16.1,3,0.0
2534,2102271,817,42656226,20.15,20.45,20.15,20.2,0.05,20.2,171,20.25,1,13.12
2535,703442,246,14078740,20.05,20.1,19.95,20.05,0.05,20.0,9,20.05,70,10.78
2536,148500,73,3070299,20.65,20.8,20.55,20.75,0.1,20.7,1,20.75,11,23.31
2537,427896,180,3483094,8.18,8.24,8.1,8.15,0.03,8.14,34,8.15,7,0.0
2538,522752,188,6180270,11.9,11.95,11.75,11.8,0.15,11.8,60,11.85,6,295.0
2539,179491,60,5231839,29.4,29.4,29.0,29.0,0.05,29.0,10,29.15,13,17.79
2540,33105,14,761217,23.0,23.25,22.9,22.95,0.0,22.95,2,23.15,1,32.32
2542,3224305,1801,146671434,45.4,45.65,45.3,45.3,0.1,45.3,129,45.45,4,9.78
2543,7499,7,54942,7.26,7.58,7.26,7.53,0.18,7.35,1,7.53,1,0.0
2545,90129,55,2753384,30.5,30.6,30.5,30.6,0.0,30.55,2,30.6,25,18.32
2546,35414,35,1253176,35.45,35.45,35.3,35.45,0.0,35.45,3,35.5,2,7.59
2547,1001278,522,12101739,12.2,12.2,12.0,12.05,0.15,12.05,7,12.1,5,5.26
2548,2174185,1465,179630462,81.9,83.4,81.7,83.1,1.3,83.1,1,83.2,57,25.81
2597,20002,17,1110111,55.6,55.6,55.4,55.6,0.1,55.5,3,55.6,6,12.41
2601,3511027,674,41992464,11.8,12.05,11.8,11.9,0.05,11.9,5,11.95,74,5.61
2603,7773731,1894,98224595,12.65,12.75,12.6,12.7,0.0,12.65,119,12.7,669,35.28
2605,3286294,1121,55693790,16.55,17.25,16.55,16.85,0.3,16.85,46,16.9,2,0.0
2606,3641634,1371,121974669,33.25,33.85,32.9,33.55,0.55,33.55,1,33.6,12,26.42
2607,1767298,372,24464010,13.6,14.0,13.6,13.85,0.25,13.8,15,13.85,14,15.39
2608,47628,53,1738394,36.75,36.75,36.15,36.25,0.5,36.25,1,36.55,22,13.04
2609,2224871,419,16708625,7.55,7.59,7.48,7.48,0.07,7.48,19,7.52,2,0.0
2610,4646509,1795,42188345,9.11,9.13,9.06,9.06,0.05,9.06,144,9.08,38,53.29
2611,69000,18,502750,7.28,7.31,7.25,7.26,0.04,7.26,1,7.29,2,12.96
2612,214015,159,6751768,31.45,31.7,31.4,31.5,0.15,31.5,5,31.55,2,12.07
2613,33003,14,443139,13.45,13.5,13.4,13.45,0.05,13.45,2,13.5,4,134.5
2614,507995,247,5250341,10.45,10.45,10.3,10.35,0.05,10.3,73,10.35,32,0.0
2615,2861569,1098,50704334,17.75,17.85,17.5,17.8,0.05,17.6,14,17.8,26,16.04
2616,518063,30,15334220,29.55,29.65,29.5,29.6,0.0,29.6,2,29.65,2,15.83
2617,362200,229,6821388,18.75,18.9,18.75,18.8,0.15,18.8,32,18.85,4,9.59
2618,6958873,2369,96042377,13.9,13.9,13.75,13.75,0.15,13.75,1837,13.8,1,12.61
2630,13000,9,243350,18.85,18.85,18.55,18.7,0.15,18.6,6,18.7,4,32.81
2633,4159049,2315,144164839,34.55,34.95,34.2,34.7,0.1,34.7,14,34.75,25,23.29
2634,961333,572,30574056,32.0,32.0,31.65,31.75,0.25,31.75,25,31.8,7,14.84
2636,80066,55,1879551,23.6,23.6,23.4,23.45,0.1,23.45,2,23.5,10,8.78
2637,1860288,547,56604419,30.4,30.55,30.25,30.55,0.15,30.5,1,30.55,102,7.79
2642,171000,113,4829850,28.3,28.35,28.1,28.25,0.0,28.2,111,28.25,11,23.16
2701,80130,45,1037318,12.9,13.0,12.9,13.0,0.1,12.9,68,13.0,3,14.29
2702,186501,87,3295516,18.0,18.0,17.5,17.5,0.45,17.5,10,17.6,3,46.05
2704,75340,58,1627409,21.75,21.75,21.55,21.55,0.15,21.55,10,21.65,15,19.41
2705,725098,305,5493524,7.59,7.61,7.55,7.61,0.01,7.6,70,7.62,4,0.0
2706,205521,62,3089111,14.95,15.2,14.95,15.0,0.1,15.0,19,15.05,6,13.39
2707,197740,208,31098420,158.0,158.0,157.0,157.5,0.5,157.0,15,157.5,62,15.1
2712,3000,3,162400,54.0,54.2,54.0,54.2,0.6,52.9,1,55.0,1,0.0
2722,5848,7,150112,24.8,26.2,24.8,26.15,1.0,24.85,2,26.15,1,56.85
2723,780884,659,115043388,150.0,150.5,145.5,146.5,3.5,146.0,7,146.5,14,22.33
2727,263865,197,20028308,76.3,76.3,75.7,75.8,0.8,75.8,2,76.1,3,17.88
2731,59500,52,4514950,76.1,76.3,75.7,75.7,0.1,75.7,2,76.0,6,34.57
2739,8000,5,199400,25.05,25.05,24.7,24.9,0.2,24.75,4,24.9,2,22.43
2748,35000,27,2007500,57.5,57.6,57.2,57.3,0.3,57.2,7,57.3,1,16.37
2801,5046931,1666,109314179,21.65,21.75,21.6,21.6,0.1,21.6,167,21.65,52,17.56
2809,1124216,700,34721246,31.0,31.05,30.75,30.75,0.3,30.75,44,30.85,1,26.74
2812,3745043,1553,44035456,11.75,11.8,11.7,11.75,0.0,11.75,893,11.8,559,9.87
2816,87000,28,1680900,19.35,19.35,19.25,19.25,0.1,19.25,8,19.35,4,6.53
2820,888277,572,13313055,15.05,15.05,14.9,14.95,0.1,14.95,83,15.0,11,16.08
2823,4851085,2688,118069390,24.4,24.5,24.2,24.2,0.1,24.2,491,24.3,72,9.49
2832,163209,27,3305081,20.25,20.3,20.2,20.3,0.05,20.2,96,20.3,4,13.36
2834,13020029,3725,162942755,12.55,12.6,12.45,12.45,0.15,12.45,2113,12.5,538,11.22
2836,320918,117,3069651,9.6,9.6,9.56,9.56,0.02,9.56,70,9.57,5,15.67
2838,674965,362,7091573,10.6,10.6,10.45,10.45,0.1,10.45,144,10.5,6,10.45
2838A,28188,14,1550440,55.0,55.1,54.9,55.1,0.0,54.9,72,55.1,41,0.0
2841,1160692,327,9894208,8.57,8.57,8.5,8.52,0.07,8.52,22,8.53,49,18.52
2845,2271825,966,27053900,12.0,12.0,11.85,11.9,0.1,11.9,14,11.95,228,9.67
2849,34445,30,516434,14.95,15.05,14.95,14.95,0.0,14.9,60,14.95,2,11.16
2850,115403,78,4387281,38.1,38.1,37.9,38.0,0.1,37.95,1,38.0,2,8.72
2851,108400,36,1961050,18.1,18.1,18.05,18.05,0.1,18.05,33,18.1,14,10.37
2852,89213,33,1259103,14.2,14.2,14.1,14.15,0.05,14.1,5,14.15,30,10.48
2855,895169,254,11633982,13.05,13.1,12.95,12.95,0.15,12.95,176,13.0,10,13.92
2867,2585396,654,27236823,10.6,10.6,10.5,10.5,0.1,10.5,100,10.55,31,0.0
2880,8864607,3740,186544640,21.05,21.1,21.0,21.1,0.1,21.05,11,21.1,1531,15.51
2881,7547574,3580,333857094,44.55,44.65,43.9,43.9,0.4,43.9,117,44.0,4,11.43
2881A,51198,52,3327709,65.0,65.1,64.8,65.1,0.1,64.9,1,65.1,5,0.0
2881B,89954,21,5756756,64.0,64.0,63.9,64.0,0.0,63.9,5,64.0,20,0.0
2882,8143111,2841,330238847,40.5,40.7,40.45,40.55,0.05,40.5,599,40.55,128,11.69
2882A,1525433,73,97197223,63.7,63.8,63.6,63.8,0.1,63.7,203,63.8,81,0.0
2882B,84214,27,5364088,63.6,63.8,63.6,63.8,0.1,63.6,3,63.8,69,0.0
2883,19010758,4653,173801238,9.15,9.17,9.11,9.11,0.09,9.11,2757,9.13,94,13.8
2884,18885806,6112,495813843,26.3,26.45,26.1,26.25,0.05,26.2,4,26.25,528,15.72
2885,14099185,3667,255872016,18.25,18.3,18.05,18.05,0.35,18.05,926,18.1,15,11.35
2886,13924060,5125,404561863,29.15,29.2,29.0,29.0,0.1,29.0,2167,29.05,226,14.08
2887,10146509,3485,139727404,13.8,13.85,13.75,13.75,0.1,13.75,2271,13.8,1124,11.55
2887E,24187,29,1352150,55.9,56.0,55.9,56.0,0.1,55.9,41,56.0,25,0.0
2887F,103129,22,5599790,54.2,54.4,54.2,54.3,0.1,54.1,1,54.3,3,0.0
2888,30790258,6000,292012956,9.52,9.53,9.45,9.45,0.07,9.45,1160,9.46,29,27.0
2889,2599246,855,27883680,10.75,10.8,10.7,10.7,0.05,10.7,158,10.75,207,14.08
2890,7428980,3201,90173469,12.2,12.25,12.1,12.1,0.15,12.1,745,12.15,1032,12.1
2891,14219103,5113,293591835,20.7,20.75,20.6,20.6,0.15,20.6,920,20.65,317,11.91
2891B,121056,23,7892640,65.2,65.2,65.2,65.2,0.1,65.2,85,65.3,5,0.0
2891C,5918,19,372545,63.1,63.1,62.8,62.8,0.3,62.9,1,63.0,1,0.0
2892,8321467,3423,182439174,21.95,22.0,21.85,21.85,0.25,21.85,452,21.9,50,15.28
2897,607525,274,4625852,7.65,7.65,7.59,7.6,0.05,7.6,45,7.62,3,17.27
2897A,63000,14,667800,10.6,10.6,10.6,10.6,0.05,10.6,172,10.65,248,0.0
2901,34000,9,772300,22.75,22.75,22.55,22.75,0.0,22.65,1,22.75,5,47.4
2903,2170911,1198,54681449,25.35,25.35,25.05,25.35,0.0,25.15,11,25.35,58,25.1
2904,20083,18,491633,24.5,24.5,24.45,24.5,0.0,24.45,9,24.5,8,12.19
2905,414523,224,7744003,18.6,18.8,18.5,18.75,0.15,18.75,21,18.8,4,20.38
2906,92650,36,1073690,11.6,11.65,11.55,11.65,0.0,11.55,70,11.65,18,194.17
2908,155616,106,3428487,22.2,22.25,21.95,22.0,0.35,22.0,1,22.05,5,0.0
2910,0,0,0,,,,,0.0,26.35,1,26.7,2,53.4
2911,151475,70,1066416,7.07,7.09,6.97,7.09,0.01,7.08,10,7.09,6,0.0
2912,689384,795,196839208,286.5,287.0,284.5,284.5,3.5,284.5,26,285.0,4,28.08
2913,1698402,418,28114279,16.6,16.7,16.4,16.4,0.2,16.4,89,16.5,33,0.0
2915,1520535,963,106134626,69.6,70.4,69.2,69.6,0.3,69.6,4,69.7,62,4.13
2923,34000,12,802050,23.45,23.7,23.45,23.55,0.1,23.55,4,23.65,2,4.15
2929,402723,303,39596654,99.2,99.2,97.8,98.0,1.2,98.0,24,98.2,3,7.6
2936,10000,6,201750,20.1,20.35,20.1,20.35,0.05,20.1,1,20.35,3,58.14
2939,12102,16,1212102,100.5,101.0,99.6,100.0,1.0,100.0,2,100.5,7,13.59
3002,201001,93,2143960,10.55,10.75,10.55,10.65,0.05,10.65,10,10.75,20,29.58
3003,1337822,904,61007812,45.55,46.1,44.85,46.0,0.45,45.95,4,46.0,34,15.38
3004,279093,256,27218732,97.5,99.0,97.0,98.1,0.2,98.0,1,98.1,1,15.28
3005,1989248,962,96440210,48.35,48.8,48.1,48.1,0.35,48.1,11,48.2,13,13.04
3006,727337,428,23753768,32.95,33.0,32.5,32.5,0.5,32.5,3,32.55,2,19.94
3008,517456,612,2320037140,4480.0,4520.0,4450.0,4460.0,20.0,4460.0,1,4475.0,2,22.62
3010,95257,94,5011842,52.5,52.9,52.4,52.6,0.1,52.6,7,52.8,8,8.61
3011,154001,60,1017806,6.79,6.79,6.56,6.6,0.19,6.6,9,6.66,2,0.0
3013,8565000,2024,123995700,14.1,14.7,14.05,14.45,0.3,14.4,5,14.5,21,12.68
3014,2438992,1682,96929881,39.6,40.1,39.1,39.75,0.45,39.75,7,39.8,53,13.16
3015,281058,114,5830646,20.7,20.8,20.65,20.75,0.05,20.7,20,20.75,3,138.33
3016,1470676,995,71086914,48.7,48.85,48.0,48.15,0.75,48.15,12,48.25,2,47.67
3017,10526763,5656,448085109,42.7,43.1,42.15,42.65,0.25,42.6,17,42.65,29,18.87
3018,168321,113,3887796,23.0,23.3,22.8,23.15,0.35,23.15,3,23.2,12,0.0
3019,1256691,973,99780432,79.9,80.4,79.0,79.0,1.4,79.0,154,79.1,1,18.33
3021,27013,18,396438,14.75,14.75,14.65,14.65,0.1,14.65,7,14.7,3,11.1
3022,478854,387,25881354,53.8,54.5,53.5,53.9,0.0,53.9,10,54.1,10,17.39
3023,792050,554,94950500,120.0,122.0,118.5,118.5,2.5,118.5,111,119.5,15,17.15
3024,158884,61,1027213,6.48,6.5,6.4,6.5,0.04,6.4,6,6.5,2,11.82
3025,268600,133,5650617,21.3,21.65,20.8,20.85,0.5,20.85,12,21.0,1,36.58
3026,4743080,3114,495742772,104.0,106.0,103.0,103.0,2.0,103.0,260,103.5,3,8.74
3027,105195,39,808213,7.71,7.76,7.65,7.76,0.06,7.72,16,7.76,7,4.51
3028,68001,44,1434621,21.15,21.15,21.05,21.1,0.05,21.05,49,21.1,63,12.94
3029,2383082,1444,80157538,33.15,34.1,32.85,34.0,0.6,33.95,8,34.0,36,13.23
3030,281443,218,13791251,49.25,49.3,48.8,48.8,0.75,48.75,13,49.0,3,11.99
3031,907675,355,14317929,15.8,15.95,15.55,15.7,0.2,15.7,1,15.8,25,17.25
3032,20350,25,518739,25.45,25.55,25.45,25.55,0.0,25.45,7,25.55,2,11.77
3033,237327,173,4296261,18.15,18.15,18.05,18.05,0.1,18.05,93,18.1,6,15.7
3034,5810797,3709,1059768943,184.5,185.5,181.0,181.0,6.0,181.0,195,181.5,16,13.8
3035,9062725,6196,503916702,57.7,57.8,54.0,55.2,2.9,55.2,73,55.3,13,43.12
3036,3411041,1849,118075348,34.95,34.95,34.5,34.6,0.4,34.55,34,34.6,30,7.85
3037,35449390,16862,1555594960,44.7,44.7,43.1,43.1,2.5,43.1,295,43.2,30,23.68
3038,2632160,1014,45896606,17.75,17.85,17.25,17.35,0.45,17.3,28,17.35,8,12.66
3040,23000,19,654800,28.5,28.5,28.4,28.5,0.0,28.4,11,28.5,7,20.36
3041,10886273,2661,154192752,14.15,14.3,14.0,14.3,0.2,14.25,19,14.3,183,0.0
3042,940248,654,36198395,39.0,39.0,38.2,38.5,0.5,38.45,10,38.5,6,18.08
3043,41830,14,111288,2.61,2.72,2.61,2.72,0.12,2.72,4,2.73,4,8.0
3044,1754379,833,192089867,110.5,110.5,108.5,108.5,2.5,108.5,67,109.0,11,10.4
3045,2231519,1496,251675647,113.0,113.5,112.5,112.5,1.0,112.5,884,113.0,172,24.62
3046,103126,85,2233183,21.65,22.2,21.15,21.15,0.25,21.15,2,21.5,3,49.19
3047,1678526,528,18172378,10.75,10.95,10.7,10.9,0.2,10.9,43,10.95,95,12.82
3048,7735614,3370,149335059,19.2,19.6,18.9,19.35,0.7,19.3,2,19.35,5,15.48
3049,4297465,1477,60553260,14.0,14.2,14.0,14.05,0.05,14.05,154,14.1,80,15.97
3050,541615,183,6213169,11.55,11.55,11.4,11.55,0.0,11.5,1,11.55,99,14.81
3051,60678,22,174186,2.85,2.9,2.85,2.86,0.08,2.86,15,2.9,7,0.0
3052,667892,262,8441185,12.6,12.85,12.45,12.65,0.1,12.65,43,12.7,15,0.0
3054,12000,12,298900,25.05,25.05,24.8,24.8,0.3,24.05,3,25.05,5,0.0
3055,37119,28,965787,26.1,26.1,25.95,25.95,0.15,25.95,1,26.0,3,36.55
3056,403150,228,9562960,23.85,23.85,23.65,23.75,0.1,23.75,11,23.8,17,0.0
3057,105022,43,740664,7.11,7.13,7.03,7.03,0.08,7.03,1,7.06,19,0.0
3058,83050,48,609282,7.38,7.39,7.31,7.39,0.03,7.32,3,7.39,6,0.0
3059,480108,283,11453502,24.0,24.05,23.7,23.75,0.25,23.7,50,23.75,15,44.81
3060,226400,115,3102687,13.85,13.85,13.65,13.65,0.1,13.65,42,13.75,20,0.0
3062,5424903,2200,98314679,17.7,18.6,17.65,17.8,0.1,17.8,153,17.85,5,45.64
3090,1191126,907,59609850,49.85,50.5,49.6,50.0,0.15,50.0,27,50.2,3,9.07
3094,49122,41,841586,17.3,17.3,17.05,17.15,0.0,17.1,5,17.15,1,42.88
3130,190,2,31730,,,,,0.0,167.0,1,169.5,1,20.02
3149,279851,132,2927184,10.35,10.55,10.3,10.55,0.2,10.45,3,10.55,6,0.0
3164,69105,26,1747711,25.3,25.35,25.15,25.35,0.0,25.2,4,25.35,6,21.3
3167,29310,22,939801,32.05,32.2,32.0,32.15,0.05,32.15,8,32.2,2,9.35
3189,2444730,1571,97575126,40.1,40.2,39.75,39.85,0.5,39.85,8,39.9,23,0.0
3209,158503,89,2964149,18.75,18.75,18.65,18.7,0.05,18.7,19,18.75,14,14.5
3229,56000,36,800200,14.2,14.4,14.2,14.4,0.0,14.2,7,14.4,4,0.0
3231,12590514,4350,330315764,26.3,26.4,26.1,26.1,0.15,26.1,71,26.15,36,13.18
3257,210004,147,12443832,59.2,59.6,59.1,59.1,0.7,59.1,24,59.2,2,118.2
3266,253000,111,3807300,15.2,15.2,14.9,15.05,0.35,15.05,46,15.15,11,0.0
3296,74000,37,1236850,16.9,16.95,16.55,16.8,0.0,16.7,2,16.8,3,9.44
3305,111000,81,2494250,22.7,22.7,22.3,22.65,0.2,22.5,2,22.6,1,22.43
3308,0,0,0,,,,,0.0,5.8,6,5.9,4,0.0
3311,92821,80,2178790,23.5,23.55,23.4,23.55,0.05,23.45,7,23.55,2,0.0
3312,889786,345,14122510,15.9,16.0,15.75,15.8,0.25,15.75,110,15.85,18,12.95
3321,88000,36,964950,11.1,11.1,10.9,10.95,0.1,10.9,5,11.0,10,0.0
3338,10370882,6945,1014970679,97.0,99.4,96.6,97.3,0.2,97.3,87,97.4,151,33.67
3346,84000,55,2750650,32.35,32.95,32.35,32.8,0.25,32.6,20,32.9,2,20.5
3356,9832622,6066,337462621,33.1,35.3,33.1,34.45,1.8,34.45,57,34.5,10,28.71
3376,785404,426,91794460,116.0,118.0,116.0,116.0,1.0,116.0,113,117.0,1,15.51
3380,2111415,874,49299369,23.3,23.65,23.15,23.55,0.05,23.4,1,23.55,49,57.44
3383,218889,74,220319,0.96,1.04,0.96,1.04,0.05,1.03,13,1.04,2,0.0
3406,18501539,14450,8754771057,487.5,491.5,459.5,459.5,28.0,459.5,22,460.0,3,58.99
3413,154791,154,17467092,114.0,114.5,112.0,112.0,2.5,112.0,28,113.0,21,12.23
3416,332528,202,18242033,54.5,55.5,54.2,55.0,1.6,54.8,5,55.1,4,16.47
3419,671000,343,11805398,17.7,17.75,17.4,17.55,0.15,17.55,12,17.6,8,65.0
3432,56050,26,725950,13.05,13.05,12.85,12.95,0.1,12.9,6,12.95,6,10.53
3437,243871,148,3601326,14.75,14.95,14.7,14.75,0.15,14.7,48,14.75,31,0.0
3443,2240770,1979,584564041,261.5,266.0,258.0,258.5,5.0,258.5,2,259.0,8,42.59
3450,1076838,711,56859941,53.5,53.5,52.5,52.8,0.7,52.7,5,52.8,35,20.54
3454,2029572,1603,208917481,101.5,106.0,100.0,100.0,0.0,100.0,98,101.0,3,24.88
3481,55965511,7257,385434266,6.92,6.99,6.8,6.8,0.23,6.8,3151,6.82,21,0.0
3494,44300,25,222960,5.07,5.08,5.01,5.04,0.03,5.01,4,5.05,1,0.0
3501,155600,122,7639139,49.5,49.5,49.0,49.0,0.5,49.0,18,49.15,2,8.52
3504,948000,713,75066900,79.7,79.9,78.4,79.5,0.7,79.2,1,79.6,3,56.79
3515,522350,423,37527229,72.0,72.8,71.1,71.7,0.2,71.7,2,71.8,2,19.75
3518,247190,131,5545386,22.6,22.75,22.1,22.45,0.25,22.45,1,22.5,9,0.0
3528,12154,13,457797,37.65,37.7,37.65,37.7,0.0,37.65,2,37.7,5,14.23
3530,1242000,986,123584400,97.1,101.0,97.0,98.3,0.3,98.3,13,98.7,6,57.49
3532,1140017,890,121269302,105.0,107.5,104.5,107.0,2.0,106.5,18,107.0,76,9.15
3533,2018895,1564,545348201,272.0,274.0,266.5,271.0,3.5,271.0,68,272.5,4,16.39
3535,1694201,826,39264872,23.55,23.55,23.0,23.1,0.6,23.1,43,23.15,34,7.04
3536,18039,11,112203,6.2,6.25,6.18,6.25,0.05,6.13,2,6.28,8,0.0
3545,683380,342,14753469,21.65,21.7,21.5,21.5,0.1,21.5,20,21.55,10,0.0
3550,80069,44,1147397,14.45,14.45,14.3,14.3,0.2,14.3,8,14.35,5,19.59
3557,328822,183,13223216,40.3,40.35,40.0,40.35,0.05,40.3,10,40.35,2,576.43
3563,327110,300,96148280,296.0,296.0,291.0,293.5,0.5,293.5,18,294.0,3,9.31
3576,2672175,665,22046635,8.31,8.31,8.22,8.23,0.07,8.23,10,8.24,10,0.0
3583,822350,503,44687520,55.1,55.1,53.1,54.7,1.0,54.6,1,54.7,8,8.85
3588,106090,73,2523214,24.0,24.05,23.6,23.65,0.45,23.6,6,23.85,1,59.12
3591,130407,91,1718951,13.25,13.3,13.1,13.2,0.1,13.2,1,13.25,9,55.0
3593,354067,111,2082253,5.6,6.16,5.36,5.99,0.39,5.99,2,6.16,7,0.0
3596,4282189,3000,379035340,90.0,90.0,88.0,88.0,2.6,88.0,224,88.1,3,15.38
3605,600093,285,14761331,24.4,24.95,24.3,24.7,0.2,24.7,5,24.75,7,9.88
3607,39300,35,670009,17.0,17.1,17.0,17.05,0.05,17.05,4,17.1,6,0.0
3617,76000,65,7337900,96.5,97.2,96.1,96.5,0.1,96.5,4,96.7,1,12.52
3622,169149,79,3281910,19.5,19.6,19.3,19.3,0.05,19.3,41,19.4,1,30.63
3645,1479784,1113,76870804,52.0,52.4,51.6,51.8,0.3,51.8,18,51.9,5,22.62
3653,1640330,1134,229466870,140.0,141.5,138.5,139.0,1.5,139.0,42,139.5,2,25.36
3661,14968763,10907,2634866115,172.0,183.0,171.0,171.5,2.0,171.5,13,172.0,63,51.66
3665,1030055,963,212574409,207.5,210.0,205.0,205.5,3.0,205.5,35,206.0,4,14.23
3669,48005,40,856638,17.75,17.95,17.75,17.9,0.15,17.9,1,17.95,6,52.65
3673,1912515,1160,110028912,57.8,58.3,57.1,57.6,0.2,57.5,1,57.6,37,50.97
3679,2000,2,93250,46.4,46.85,46.4,46.85,0.2,46.4,2,47.0,2,10.53
3682,6800311,1312,39591348,5.77,5.95,5.72,5.82,0.05,5.82,140,5.83,27,0.0
3686,516301,59,814761,1.56,1.64,1.54,1.64,0.1,1.55,66,1.64,10,0.0
3694,55000,33,1095500,19.9,20.05,19.85,19.85,0.15,19.8,5,19.9,9,0.0
3698,1284589,507,21339909,16.8,16.8,16.4,16.5,0.25,16.45,38,16.5,5,48.53
3701,14997,21,209208,14.2,14.2,13.85,14.0,0.0,13.7,10,14.0,1,20.0
3702,6321545,4114,233582690,37.35,37.4,36.7,36.75,0.75,36.75,67,36.8,13,9.8
3703,276811,116,4048648,14.6,14.7,14.6,14.6,0.05,14.6,113,14.65,6,6.16
3704,2172150,1041,42969111,19.9,19.9,19.7,19.75,0.25,19.75,23,19.8,74,45.93
3705,175593,121,7504220,42.8,42.9,42.6,42.7,0.0,42.7,2,42.85,3,15.64
3706,3020173,1270,78184148,26.15,26.2,25.7,25.7,0.4,25.7,27,25.95,11,9.96
3708,1651553,1168,138372018,84.1,84.5,82.8,83.6,0.2,83.5,10,83.7,8,5.42
3711,4620807,2659,337240959,73.5,74.0,72.3,72.4,1.6,72.4,46,72.5,190,18.71
3712,799543,416,16702306,20.75,21.05,20.7,20.7,0.1,20.65,15,20.7,2,0.0
4104,97263,97,5129239,52.7,52.9,52.5,52.8,0.1,52.7,8,52.8,2,14.19
4106,39195,36,925910,23.65,23.7,23.6,23.6,0.05,23.55,3,23.6,2,20.34
4108,98155,59,1880307,19.3,19.35,19.05,19.15,0.1,19.05,17,19.15,5,0.0
4119,1081972,776,111573099,103.0,104.5,101.5,102.5,1.0,102.5,10,103.0,16,14.58
4133,12042,13,336123,27.95,28.2,27.8,27.95,0.05,27.8,2,28.0,2,66.55
4137,4433840,3775,1039458060,235.0,238.0,230.5,232.0,3.0,232.0,32,233.0,3,13.72
4141,33000,22,559550,17.1,17.1,16.9,16.95,0.2,16.95,9,17.0,10,0.0
4142,1858409,663,46997986,25.6,25.6,25.15,25.4,0.1,25.4,36,25.45,5,0.0
4144,137599,100,4145308,29.8,30.4,29.8,30.4,0.6,30.0,5,30.5,1,20.97
4148,75027,64,3152204,42.0,42.7,41.25,42.05,0.2,42.05,6,42.1,1,18.2
4155,1623072,928,62146129,38.4,38.65,37.8,38.65,0.25,38.65,17,38.7,18,19.82
4164,503200,360,21465328,43.25,43.25,42.1,42.4,1.0,42.35,4,42.4,5,17.03
4190,465211,406,44347898,98.0,98.0,94.5,95.4,1.6,95.4,2,95.5,11,11.95
4306,330566,124,3881764,11.75,11.8,11.7,11.7,0.05,11.7,113,11.75,1,31.62
4414,1262161,317,14070727,11.4,11.5,11.05,11.05,0.3,11.05,110,11.1,2,0.0
4426,272730,245,15063950,55.5,55.6,55.0,55.0,0.6,55.0,54,55.2,3,24.23
4438,185494,164,26363142,143.0,143.0,141.5,142.0,0.5,141.5,11,142.0,2,15.33
4526,66576,57,1119351,16.9,16.9,16.75,16.8,0.1,16.8,1,16.85,3,18.67
4532,321378,233,7518843,23.5,23.55,23.25,23.3,0.25,23.3,11,23.4,1,13.55
4536,394593,239,54112851,136.5,138.5,136.5,136.5,0.5,136.5,24,137.0,1,12.9
4540,140300,111,8411000,59.4,60.4,59.4,59.8,0.0,59.7,13,59.9,1,20.69
4545,103150,72,2272679,22.6,22.6,21.8,22.15,0.25,21.95,1,22.2,2,0.0
4551,1167168,1009,209479667,179.0,182.5,175.5,182.0,2.5,181.0,1,182.0,11,26.11
4552,109728,79,4435898,40.5,40.55,40.3,40.35,0.25,40.35,6,40.4,1,7.43
4555,11100,12,545435,48.25,50.2,48.25,48.9,0.0,48.7,1,49.2,5,41.44
4557,14720,14,1020411,69.1,69.4,69.1,69.3,0.2,69.2,1,69.4,3,11.11
4560,242000,97,12344200,51.4,51.4,50.8,50.8,0.7,50.8,5,50.9,3,11.87
4562,12000,9,352300,29.3,29.6,29.1,29.6,0.05,29.1,3,29.6,3,21.45
4564,694250,445,35682575,51.0,52.3,50.6,51.1,0.2,51.1,1,51.2,3,14.99
4566,260954,179,12878671,49.4,49.9,48.9,49.4,0.15,49.35,1,49.4,11,16.25
4571,215000,66,17239000,80.4,80.8,80.0,80.2,0.1,80.1,2,80.2,5,15.63
4572,101400,86,15217500,151.0,152.0,148.5,149.5,1.5,149.5,1,150.5,2,17.2
4576,281200,208,21978739,77.5,79.7,77.1,79.0,0.7,78.9,1,79.0,8,57.66
4720,52006,27,728784,14.1,14.1,13.9,14.05,0.15,14.0,4,14.05,1,24.22
4722,3980,9,108251,27.1,27.2,27.1,27.15,0.15,27.15,6,27.35,19,10.95
4725,670051,285,10741326,16.2,16.2,16.0,16.05,0.15,16.05,22,16.1,39,0.0
4737,407420,269,26503114,63.3,66.3,63.3,65.1,0.5,65.0,4,65.1,2,28.3
4739,257037,235,20410409,80.1,80.1,79.0,79.2,1.1,79.1,13,79.2,2,41.47
4746,658300,381,23223454,34.6,35.9,34.5,35.55,0.95,35.55,2,35.6,3,0.0
4755,11000,8,463100,42.0,42.2,42.0,42.2,0.0,42.1,6,42.5,1,10.77
4763,176812,169,22006876,124.0,126.0,123.5,124.0,0.0,124.0,7,124.5,1,23.75
4764,14420,15,993500,69.0,69.0,68.6,68.9,0.1,68.8,2,69.0,4,10.97
4766,190000,164,28998000,152.0,153.5,151.5,151.5,0.5,151.5,1,152.0,1,21.1
4807,37017,26,1119861,30.0,30.4,30.0,30.4,0.4,30.1,1,30.4,2,0.0
4904,2668031,1876,192739132,72.2,72.7,72.0,72.1,0.1,72.1,41,72.2,196,27.11
4906,1716955,812,44216490,25.8,25.95,25.65,25.65,0.15,25.65,13,25.7,7,39.46
4912,608119,552,74020161,117.5,125.0,117.5,119.0,4.5,119.0,2,119.5,2,11.89
4915,4426005,2631,277256407,62.6,63.5,62.1,62.2,0.4,62.2,65,62.3,3,14.6
4916,918362,585,32119820,35.1,35.1,34.8,35.05,0.7,35.0,45,35.05,4,14.02
4919,1601816,963,79722650,49.75,50.2,49.5,49.6,0.4,49.6,21,49.65,2,18.24
4927,9570284,4654,369823067,38.45,39.3,38.15,38.85,2.2,38.85,35,38.9,2,6.66
4930,38176,34,399728,10.5,10.55,10.4,10.4,0.05,10.35,9,10.4,4,0.0
4934,848547,280,3964241,4.65,4.72,4.62,4.69,0.1,4.68,50,4.69,365,0.0
4935,3438690,2643,327208426,97.9,97.9,93.4,94.1,1.7,94.1,6,94.2,1,51.99
4938,4796664,2306,260997756,54.9,54.9,54.0,54.0,1.1,54.0,558,54.1,3,12.95
4942,434000,246,16013550,37.05,37.05,36.75,36.75,0.25,36.7,17,36.8,1,7.69
4943,3748788,2641,653750824,174.0,176.0,173.0,173.0,0.5,173.0,71,173.5,25,26.78
4952,156000,126,5104350,33.2,33.2,32.6,32.75,0.45,32.7,1,32.75,2,13.53
4956,107005,60,1478315,13.8,13.95,13.75,13.8,0.15,13.8,17,13.9,1,0.0
4958,3735009,2055,446940064,121.0,121.0,118.5,119.0,2.0,119.0,82,119.5,75,12.03
4960,703250,161,5784443,8.32,8.32,8.11,8.2,0.11,8.2,1,8.22,2,0.0
4961,1149062,551,40327468,35.3,35.5,34.9,35.05,0.55,35.0,19,35.15,3,15.93
4967,138000,63,3096950,22.5,22.5,22.4,22.45,0.0,22.45,14,22.5,12,27.05
4968,4360738,2856,905010956,198.0,212.0,198.0,212.0,19.0,212.0,433,,0,89.83
4976,442100,301,12984500,29.7,29.8,29.0,29.0,0.7,28.95,8,29.05,1,0.0
4977,967483,660,90901659,93.3,95.4,93.3,93.9,0.0,93.5,1,93.9,2,21.24
4989,277100,173,6874430,25.05,25.1,24.65,24.7,0.4,24.7,20,24.8,1,21.11
4994,662076,544,64876201,98.0,99.4,96.7,96.7,0.8,96.7,2,96.9,1,169.65
4999,99000,44,4138100,41.55,42.0,41.5,41.5,0.05,41.45,2,41.75,1,9.5
5007,34432,31,1762232,51.4,51.4,51.0,51.0,0.4,50.9,11,51.0,9,15.32
5203,1079238,939,105698054,97.5,100.0,95.1,95.1,0.4,95.1,1,95.5,7,27.09
5215,1891100,1456,122906900,64.2,66.2,64.0,64.0,0.1,64.0,10,64.1,1,15.8
5225,4303481,3167,270045370,62.5,64.5,60.9,62.1,2.9,62.1,4,62.7,2,8.36
5234,202100,185,17020290,83.6,84.8,83.6,83.8,0.2,83.8,4,83.9,2,12.74
5243,1390320,940,50739114,37.7,37.7,36.05,36.35,1.65,36.35,1,36.4,14,12.49
5258,274200,190,7813030,28.3,28.7,28.1,28.65,0.25,28.65,2,28.7,26,0.0
5259,44096,28,437368,10.0,10.1,9.9,9.9,1.1,10.0,10,11.45,2,0.0
5264,694712,535,37730787,55.2,55.2,54.1,54.2,0.8,54.2,15,54.3,14,0.0
5269,443328,430,221169500,493.5,503.0,493.5,500.0,4.5,497.0,2,500.0,7,27.93
5283,54000,43,4866900,90.2,90.3,90.1,90.1,0.2,90.1,4,90.3,5,9.34
5284,5000,5,265200,53.3,53.3,52.9,53.0,0.2,52.5,1,53.0,1,16.83
5285,165200,136,8555319,53.0,53.0,51.0,51.3,2.0,51.3,8,51.5,3,13.57
5288,343000,255,40003500,117.0,120.0,115.5,120.0,1.5,118.5,18,120.0,5,12.6
5305,348776,214,14356020,41.15,41.2,41.15,41.15,0.0,41.15,1113,41.2,710,14.86
5388,3626673,2518,298034121,80.3,83.2,80.2,82.5,1.5,82.4,1,82.5,35,23.11
5434,964837,526,92818313,96.8,96.8,95.7,96.5,0.0,96.2,2,96.5,9,10.63
5469,5614665,2666,223542958,39.05,40.1,38.7,40.0,0.6,39.95,10,40.0,12,8.89
5471,223000,167,7157850,31.9,32.35,31.9,32.05,0.1,32.05,16,32.15,4,14.77
5484,48969,33,528812,10.8,10.9,10.75,10.8,0.0,10.8,2,10.85,7,0.0
5515,95742,24,955673,9.98,10.0,9.97,10.0,0.04,9.98,13,9.99,3,17.24
5519,554006,213,8233287,14.9,14.95,14.8,14.85,0.05,14.85,103,14.9,7,4.21
5521,580091,195,4058175,6.92,7.05,6.92,7.0,0.08,7.0,21,7.01,5,0.0
5522,410115,346,14971276,36.75,36.75,36.3,36.45,0.3,36.45,6,36.55,1,14.58
5525,30906,29,706901,22.8,22.9,22.8,22.85,0.05,22.8,11,22.85,5,5.84
5531,1456723,583,17395364,11.8,12.1,11.75,12.0,0.2,11.95,8,12.0,200,0.0
5533,43935,14,693185,15.7,15.8,15.7,15.7,0.0,15.7,14,15.8,4,28.55
5534,803731,492,63759356,80.0,80.4,78.0,78.0,2.0,78.0,37,79.0,1,8.72
5538,4000,4,130650,32.7,32.7,32.65,32.65,0.2,32.1,1,32.65,4,13.78
5607,550694,198,11642292,21.2,21.25,21.05,21.15,0.15,21.1,6,21.15,8,15.55
5608,107312,41,927467,8.65,8.65,8.61,8.65,0.0,8.6,7,8.65,9,0.0
5706,93500,72,3416069,36.4,36.75,36.4,36.75,0.45,36.75,2,36.8,4,10.78
5871,3316907,1784,410560468,124.5,125.0,123.0,123.0,2.0,123.0,277,123.5,26,11.05
5876,5126878,2137,257629017,50.5,50.6,50.1,50.2,0.6,50.2,285,50.3,3,14.02
5880,7568694,3938,153905538,20.35,20.4,20.3,20.3,0.1,20.3,25,20.35,302,15.98
5906,60500,16,802174,13.45,13.45,12.5,12.5,0.15,12.5,2,12.95,4,16.23
5907,112000,74,3343800,29.85,29.95,29.8,29.95,0.15,29.95,16,30.0,22,12.85
6005,1909016,383,17163009,9.0,9.0,8.98,8.99,0.02,8.99,226,9.0,6,20.91
6024,84650,87,3626428,43.0,43.0,42.8,42.8,0.2,42.8,1,42.85,1,13.59
6108,444302,276,11626526,26.35,26.5,26.0,26.5,0.05,26.45,13,26.5,9,7.44
6112,182701,122,6071434,33.3,33.35,33.1,33.2,0.1,33.2,9,33.3,7,10.92
6115,85004,70,3523575,41.35,41.55,41.35,41.45,0.05,41.45,7,41.55,9,13.77
6116,27111654,5213,177479079,6.55,6.64,6.5,6.5,0.09,6.5,457,6.51,13,0.0
6117,1640,4,23843,14.5,14.5,14.5,14.5,0.55,13.9,2,14.35,1,0.0
6120,1139663,531,20051168,17.5,17.7,17.5,17.65,0.15,17.65,4,17.7,83,441.25
6128,73000,54,2270400,31.15,31.15,31.0,31.1,0.0,31.05,2,31.2,4,14.27
6131,637292,42,1524726,2.39,2.4,2.39,2.4,0.05,2.4,99,2.42,50,0.0
6133,13702,7,112786,8.23,8.27,8.23,8.27,0.02,8.23,36,8.27,2,45.94
6136,71200,61,1385608,19.5,19.5,19.4,19.45,0.05,19.45,3,19.5,7,26.64
6139,96000,67,2406300,25.05,25.15,25.0,25.05,0.1,25.05,10,25.15,2,15.56
6141,1156010,533,24780365,21.65,21.7,21.3,21.3,0.35,21.3,28,21.4,2,0.0
6142,202002,47,1657306,8.2,8.28,8.17,8.2,0.1,8.2,2,8.21,28,0.0
6152,483102,108,3310313,7.08,7.08,6.8,6.81,0.15,6.81,3,6.83,4,0.0
6153,13538996,6651,484204637,35.4,36.45,35.0,35.5,0.1,35.5,24,35.6,15,17.07
6155,1043866,639,27935994,26.25,27.1,26.25,27.05,0.55,27.0,12,27.05,3,22.17
6164,112614,69,776186,6.95,6.95,6.86,6.91,0.05,6.87,15,6.93,6,57.58
6165,126909,73,1378616,10.9,11.0,10.8,10.85,0.0,10.85,12,10.95,5,0.0
6166,696849,530,32931538,47.4,47.85,46.7,47.0,1.35,46.8,2,47.0,7,25.68
6168,292510,173,3765400,12.9,12.95,12.8,12.9,0.05,12.85,2,12.9,2,16.33
6172,1095000,242,21476350,19.6,19.7,18.9,19.6,0.0,19.25,5,19.6,10,51.58
6176,4310455,2581,513433368,119.5,120.0,118.5,118.5,2.5,118.5,154,119.0,38,8.65
6177,390755,219,10211752,26.45,26.45,26.0,26.15,0.15,26.1,23,26.15,4,7.56
6183,70047,56,2525164,36.15,36.15,36.0,36.05,0.1,36.05,24,36.15,4,18.97
6184,33000,30,1246150,38.1,38.1,37.5,37.8,0.35,37.8,8,37.85,19,13.75
6189,209196,154,7045161,33.75,33.75,33.6,33.7,0.05,33.7,1,33.75,10,11.23
6191,1840538,508,30812802,16.75,16.85,16.6,16.65,0.1,16.65,11,16.7,44,11.89
6192,135729,118,11041666,82.5,82.5,81.0,81.1,1.3,81.1,7,81.2,1,10.11
6196,495153,353,23523114,48.4,48.4,47.2,47.2,1.2,47.2,5,47.3,5,12.39
6197,96502,67,2846258,29.3,29.55,29.3,29.45,0.05,29.45,15,29.55,28,11.88
6201,72418,38,2529236,35.0,35.0,34.75,34.9,0.0,34.75,13,34.95,4,9.56
6202,363393,296,23574545,65.0,65.1,64.7,64.7,0.8,64.7,27,64.9,2,14.87
6205,37000,19,943100,25.5,25.5,25.45,25.5,0.05,25.45,2,25.55,1,14.01
6206,51099,40,3673137,71.9,72.0,71.7,71.9,0.0,71.8,18,71.9,4,14.07
6209,289185,218,8169798,28.25,28.65,28.05,28.25,0.0,28.25,2,28.3,16,0.0
6213,5226667,3540,780319383,148.0,152.5,145.0,150.0,0.0,149.5,42,150.0,5,22.66
6214,280828,233,20397709,72.5,73.0,72.5,72.5,0.1,72.5,15,72.6,1,19.59
6215,78001,55,1210866,15.6,15.6,15.45,15.45,0.15,15.4,5,15.45,2,37.68
6216,60049,44,1666943,27.8,27.9,27.65,27.65,0.15,27.6,4,27.8,5,14.55
6224,362265,255,24049347,66.0,67.4,65.7,66.7,0.0,66.6,1,66.7,6,19.0
6225,10449,5,28980,2.72,2.83,2.72,2.83,0.03,2.69,3,2.83,1,0.0
6226,121435,38,922986,7.74,7.74,7.57,7.6,0.05,7.57,21,7.6,26,190.0
6230,1704325,1359,415335650,246.0,250.5,240.5,241.5,4.5,241.5,6,242.0,2,27.82
6235,104022,46,1388643,13.5,13.5,13.3,13.35,0.15,13.35,14,13.4,9,0.0
6239,5323873,3543,470815500,87.9,89.4,87.3,87.3,0.7,87.3,367,87.5,14,12.51
6243,363202,200,3952307,11.15,11.2,10.65,10.75,0.45,10.75,14,10.85,2,0.0
6251,11369210,3525,155902512,13.65,14.0,13.4,14.0,0.65,13.95,57,14.0,1143,350.0
6257,3503757,1756,117183155,33.7,33.8,33.25,33.4,0.65,33.4,1,33.45,22,12.51
6269,2846605,2019,261847160,92.1,92.6,91.8,91.8,0.8,91.8,33,91.9,60,11.03
6271,3709724,2321,501980292,136.5,138.0,133.5,134.0,3.5,134.0,68,134.5,4,23.02
6277,100030,85,8513556,85.0,85.4,85.0,85.1,0.4,85.0,4,85.2,2,6.92
6278,5635191,3883,406246564,71.6,73.3,70.3,72.1,0.1,72.1,45,72.3,1,13.21
6281,35272,25,2346932,66.6,66.8,66.3,66.4,0.1,66.3,6,66.5,12,17.9
6282,3964285,1762,87514398,21.8,22.2,21.8,22.0,0.0,22.0,221,22.05,32,17.19
6283,461006,339,14036179,30.95,31.05,30.1,30.35,0.85,30.35,10,30.4,5,104.66
6285,2225280,1466,179395880,80.4,81.3,79.8,81.0,0.4,81.0,413,81.1,4,17.12
6288,1214700,592,25642760,21.1,21.55,20.8,20.8,0.2,20.8,44,20.85,1,20.59
6289,571999,48,358577,0.64,0.64,0.59,0.59,0.0,0.58,17,0.59,2,0.0
6405,12000,9,179350,14.95,14.95,14.9,14.95,0.1,14.8,5,14.95,1,0.0
6409,304109,87,197247305,640.0,655.0,634.0,638.0,0.0,638.0,5,641.0,1,25.01
6412,584050,438,32243290,55.7,55.8,54.8,55.5,0.2,55.2,17,55.5,15,16.82
6414,324757,293,68128470,210.5,212.0,208.0,210.0,0.0,210.0,8,210.5,1,17.36
6415,741262,742,574688670,760.0,788.0,760.0,785.0,30.0,781.0,1,785.0,4,35.68
6416,100000,85,8529200,85.0,85.9,84.6,84.6,0.4,84.6,3,85.0,1,17.62
6431,1200,2,31780,26.5,26.5,26.5,26.5,0.6,25.75,2,26.5,1,0.0
6442,55100,31,2112290,38.45,38.5,38.1,38.5,0.3,38.15,4,38.5,4,17.42
6443,811852,269,6008925,7.43,7.44,7.38,7.4,0.04,7.4,10,7.41,20,0.0
6449,1123460,783,43588758,38.85,39.5,38.25,38.75,0.25,38.65,4,38.75,5,47.84
6451,8771290,6571,1266149920,141.5,148.0,138.0,148.0,6.0,147.5,1,148.0,67,30.71
6452,970828,719,210200606,214.0,219.5,213.0,214.5,1.0,214.5,2,215.5,2,14.21
6456,2014861,1278,214897988,106.5,107.5,105.5,107.0,0.5,106.5,41,107.0,6,8.28
6464,19500,11,2103500,107.5,108.0,107.5,108.0,1.5,107.0,2,108.0,13,20.81
6477,124436,45,2686307,21.6,21.65,21.5,21.5,0.15,21.5,20,21.55,4,8.05
6491,834110,694,141487700,172.0,172.0,168.0,168.5,4.5,168.0,28,168.5,13,19.39
6504,78200,77,10871800,140.0,140.5,138.0,138.0,0.5,138.0,15,139.0,1,19.03
6505,3654551,2630,353871465,96.7,97.5,96.1,96.1,1.3,96.1,105,96.3,1,27.07
6525,384360,324,26690318,70.0,70.5,69.0,69.5,0.5,69.5,2,69.6,7,10.68
6531,76653,60,3512757,46.1,46.1,45.7,45.7,0.8,45.7,22,45.8,1,0.0
6533,677181,561,79451129,119.5,119.5,116.5,118.5,1.5,118.5,5,119.0,20,144.51
6541,397146,248,24773140,63.6,63.6,61.9,62.4,1.6,62.3,2,62.6,1,0.0
6552,2180232,1553,194241456,89.3,89.9,88.2,89.1,0.7,89.1,1,89.2,4,19.45
6558,2587753,1807,173616221,65.8,68.2,65.5,67.1,1.0,67.1,50,67.2,7,28.55
6573,39300,27,898937,23.3,23.3,22.75,22.75,0.25,22.7,5,23.0,1,0.0
6579,280390,223,19959583,73.0,73.0,70.0,71.0,2.8,71.0,1,71.5,2,24.23
6581,65200,59,5803480,89.5,89.5,88.8,89.0,0.6,88.7,1,89.0,1,14.96
6582,10000,6,521700,52.1,52.3,52.1,52.3,0.0,52.3,1,52.5,1,12.11
6591,203085,175,9201060,45.05,45.65,45.0,45.6,0.55,45.55,2,45.65,23,39.31
6605,86030,74,5384890,62.7,62.7,62.5,62.5,0.2,62.5,31,62.8,1,11.04
6625,10100,10,489594,48.5,48.5,48.45,48.45,0.0,48.45,10,48.5,2,23.63
6641,59144,55,4109908,69.5,69.9,69.0,69.0,1.3,69.0,6,69.5,13,10.78
6655,32000,30,1287450,40.25,40.5,40.15,40.5,0.2,40.15,1,40.5,4,13.64
6666,411610,396,78506570,190.0,193.5,187.5,188.0,0.5,188.0,1,189.5,5,18.78
6668,1934650,1105,136946379,71.4,72.3,68.9,69.1,1.4,69.1,15,69.2,1,57.58
6669,2137196,2011,1030323168,478.5,490.5,472.0,485.0,4.0,485.0,22,485.5,4,15.0
6670,386400,339,70298099,181.0,184.0,180.5,180.5,1.0,180.5,2,181.0,3,12.87
6671,10000,8,391000,39.6,39.6,39.0,39.1,0.7,39.1,1,39.15,1,13.3
6672,380849,318,35323936,93.3,93.5,92.1,92.2,1.4,92.2,9,92.5,1,15.42
6674,5500,5,159150,28.9,29.0,28.9,29.0,0.0,28.9,2,28.95,2,20.57
8011,156075,86,2427575,15.65,15.65,15.5,15.5,0.2,15.5,31,15.6,8,0.0
8016,3195222,2142,558889959,176.0,178.5,173.0,174.0,1.0,174.0,3,174.5,1,20.3
8021,91099,76,1786988,19.7,19.7,19.55,19.55,0.2,19.55,19,19.65,2,11.85
8028,3263500,2301,219166098,67.4,68.0,66.7,67.6,0.5,67.6,12,67.7,8,29.39
8033,120750,80,1299424,10.9,10.9,10.65,10.75,0.05,10.7,8,10.75,9,0.0
8039,1664590,1116,68219184,40.6,41.6,40.25,41.45,0.25,41.35,6,41.45,3,12.52
8046,7654199,4046,376100708,48.8,49.7,48.65,49.0,0.0,49.0,38,49.05,9,0.0
8070,56280,56,9054300,160.5,161.5,160.0,161.0,0.0,160.0,14,161.0,4,9.44
8072,985819,617,22211285,22.65,23.25,22.2,22.25,0.05,22.25,2,22.3,18,0.0
8081,1743151,1317,213427448,123.0,124.0,121.0,121.0,0.5,121.0,79,121.5,1,15.94
8101,249269,64,642671,2.56,2.6,2.56,2.6,0.0,2.57,4,2.6,34,0.0
8103,131521,50,3344208,25.35,25.6,25.35,25.55,0.2,25.35,22,25.55,2,10.43
8104,189340,153,9882116,52.6,52.7,51.8,52.0,1.0,52.0,1,52.2,1,17.22
8105,1588099,671,22498595,14.45,14.45,14.1,14.1,0.2,14.1,31,14.15,16,14.24
8110,530192,291,4883052,9.25,9.26,9.17,9.19,0.08,9.18,3,9.19,3,0.0
8112,1810142,1088,52778749,29.5,29.5,29.05,29.05,0.55,29.05,28,29.1,21,8.8
8114,221029,171,23636646,108.0,108.5,106.0,106.5,2.0,106.0,33,106.5,2,12.75
8131,549500,338,18278423,33.6,33.6,33.0,33.05,0.55,33.05,4,33.1,1,11.28
8150,4751739,2177,152828386,32.5,32.5,32.0,32.3,0.4,32.25,1,32.3,35,9.7
8163,1440847,763,56961613,39.9,40.2,39.1,39.1,1.0,39.1,17,39.55,2,7.74
8201,119561,44,1443432,12.15,12.2,12.0,12.1,0.1,12.05,7,12.1,1,0.0
8210,410511,322,30365314,73.7,74.4,73.0,74.0,0.6,73.9,12,74.0,2,10.57
8213,1866186,719,65563614,35.35,35.35,35.0,35.25,0.2,35.2,24,35.25,13,7.31
8215,897014,468,17651166,20.0,20.0,19.55,19.65,0.4,19.65,4,19.7,25,18.03
8222,80600,32,1512110,18.8,18.8,18.7,18.8,0.0,18.75,14,18.85,1,25.41
8249,51313,34,1108609,21.65,21.65,21.6,21.6,0.15,21.6,5,21.75,15,10.49
8261,177705,145,4915354,27.55,27.85,27.55,27.6,0.25,27.55,11,27.6,2,18.65
8271,79312,81,2491407,31.55,31.55,31.3,31.45,0.05,31.4,10,31.45,1,10.45
8341,143069,129,39034296,273.5,274.0,271.5,271.5,2.0,271.5,19,273.5,9,33.19
8367,81000,55,1892500,23.95,23.95,22.85,23.65,0.4,23.5,10,23.65,13,14.08
8374,112211,62,2389665,21.4,21.4,21.15,21.35,0.0,21.35,2,21.4,13,88.96
8404,109452,87,4653574,42.55,42.8,42.35,42.35,0.55,42.35,17,42.6,2,38.15
8411,156798,64,2517737,16.25,16.35,15.9,15.9,0.65,15.9,4,16.0,3,0.0
8422,128614,120,19644742,153.5,153.5,152.0,153.0,0.5,153.0,1,153.5,14,14.13
8427,3000,2,116050,38.65,38.7,38.65,38.7,0.4,39.4,1,39.5,2,35.83
8429,102111,90,1351466,13.2,13.25,13.15,13.25,0.05,13.2,15,13.25,4,8.13
8442,7000,3,397700,56.8,56.9,56.8,56.8,0.1,56.2,1,56.7,2,13.59
8443,14816,21,164187,11.25,11.25,11.0,11.05,0.05,11.05,2,11.1,1,0.0
8454,64163,64,16330228,256.0,256.0,253.0,253.0,4.0,253.0,4,254.0,1,24.83
8462,194007,178,45216640,236.0,236.0,231.0,234.0,0.5,233.0,2,234.0,1,28.54
8463,2065633,621,67466530,32.0,32.75,31.95,32.75,2.95,32.75,5110,,0,51.98
8464,490489,459,129478382,266.0,267.0,262.5,262.5,5.5,262.5,6,263.0,3,19.27
8466,22005,19,1604964,73.1,73.1,72.8,72.9,0.4,72.8,5,73.2,2,11.15
8467,15050,16,854390,56.4,57.0,56.4,56.9,0.7,56.7,2,57.0,5,19.96
8473,112831,110,6426867,57.0,57.1,56.8,57.0,0.0,56.9,3,57.0,64,23.65
8478,142185,124,6979190,47.5,49.85,47.5,49.65,1.8,49.6,1,49.65,3,17.24
8480,73180,46,9410630,128.5,129.0,128.0,129.0,1.5,128.0,15,129.0,2,17.22
8481,4000,4,233200,58.2,58.5,58.2,58.2,0.0,58.2,2,58.8,1,17.22
8482,31000,15,3986000,130.0,130.0,128.0,128.5,1.5,127.5,12,128.5,1,13.57
8488,12000,10,201250,16.75,17.05,16.65,16.9,0.0,16.7,6,16.95,5,0.0
8497,16002,17,766596,48.0,48.25,46.75,48.1,0.8,47.8,1,48.1,1,10.74
8499,629396,532,75913416,122.0,123.0,119.0,120.0,6.0,120.0,13,120.5,4,13.51
8926,1049308,650,30582391,29.3,29.4,29.0,29.0,0.3,29.0,266,29.05,2,18.47
8940,31015,9,388790,12.5,12.6,12.5,12.55,0.0,12.55,3,12.6,7,0.0
8996,206239,154,8230149,40.5,40.5,39.7,39.8,1.0,39.8,2,40.0,2,19.8
9103,215021,34,236753,1.11,1.12,1.09,1.11,0.0,1.1,134,1.11,5,0.0
910322,6000,5,126250,21.0,21.1,20.95,21.0,0.15,21.0,9,,0,0.0
910482,16748,5,4479,0.26,0.27,0.26,0.27,0.01,0.26,102,0.27,50,0.0
9105,878781,242,2209631,2.52,2.53,2.5,2.5,0.05,2.5,46,2.51,82,0.0
910861,1,1,8,,,,,0.0,8.24,5,8.32,1,0.0
9110,22000,6,38680,1.75,1.77,1.75,1.77,0.0,1.74,2,1.76,4,0.0
911608,439,1,390,,,,,0.0,0.8,2,0.85,2,0.0
911616,1170000,78,1006200,0.86,0.86,0.86,0.86,0.07,0.86,1253,,0,0.0
911622,0,0,0,,,,,0.0,5.84,4,6.3,1,0.0
911868,61201,14,62355,1.02,1.05,1.01,1.03,0.02,1.02,6,1.03,1,0.0
912000,2204,3,3989,1.82,1.82,1.8,1.8,0.02,1.8,10,1.82,3,0.0
912398,30108,10,103624,3.45,3.45,3.44,3.44,0.01,3.44,10,3.55,5,0.0
9136,38000,14,270090,7.11,7.19,7.09,7.11,0.0,7.07,1,7.11,3,0.0
9157,2818469,93,2048268,0.72,0.73,0.72,0.73,0.01,0.73,304,0.74,1560,0.0
9188,168000,29,539790,3.2,3.23,3.2,3.23,0.05,3.22,1,3.27,1,0.0
9802,2107161,1602,199216673,94.9,96.3,91.9,95.5,0.6,95.3,10,95.5,21,17.08
9902,65354,35,612938,9.39,9.41,9.32,9.41,0.0,9.41,36,9.46,5,26.89
9904,10272704,3827,405919348,39.0,39.7,38.95,39.7,0.7,39.65,32,39.7,321,9.15
9905,155000,96,3644000,23.6,23.6,23.5,23.5,0.1,23.5,21,23.55,5,16.21
9906,151286,109,2168537,14.8,14.8,14.0,14.2,0.6,14.15,1,14.25,10,0.0
9907,464330,145,5525827,11.9,11.95,11.85,11.85,0.1,11.85,100,11.9,12,24.69
9908,74000,66,2230200,30.15,30.25,30.1,30.15,0.05,30.15,3,30.2,1,19.84
9910,1643134,978,360894139,220.5,224.0,217.5,217.5,5.5,217.5,2,218.0,2,23.44
9911,206151,201,9275398,44.8,45.15,44.75,45.1,0.3,45.05,4,45.1,31,12.36
9912,21201,16,189788,8.9,9.0,8.9,8.9,0.1,8.9,2,9.0,1,0.0
9914,913189,649,149700898,166.5,167.0,162.5,162.5,4.5,162.5,36,163.5,2,22.02
9917,215432,217,18656733,86.9,86.9,86.4,86.4,0.5,86.4,10,86.7,2,18.04
9918,75,3,2594,,,,,0.0,34.4,2,34.7,4,26.62
9919,72001,22,745810,10.35,10.4,10.35,10.4,0.05,10.35,25,10.4,19,0.0
9921,919724,537,198843972,218.0,218.0,214.5,214.5,2.5,214.5,5,215.5,5,22.92
9924,80100,65,3526510,44.2,44.2,43.95,44.1,0.1,44.0,2,44.1,6,9.59
9925,51320,35,1916899,37.35,37.4,37.35,37.35,0.0,37.35,6,37.4,36,17.79
9926,1032,3,42199,40.9,40.9,40.9,40.9,0.0,40.9,6,41.45,2,19.95
9927,213780,96,6634507,31.2,31.2,30.95,31.15,0.0,31.05,1,31.2,21,22.57
9928,12125,15,62215,4.94,5.3,4.94,5.3,0.47,4.8,1,5.11,2,0.0
9929,19584,17,267150,13.6,13.9,13.5,13.8,0.05,13.7,2,13.9,8,0.0
9930,57000,43,2922900,51.1,51.5,51.1,51.1,0.1,51.1,3,51.5,12,14.12
9931,11000,10,389350,35.15,35.5,35.15,35.45,0.45,35.05,4,35.55,1,20.03
9933,657955,574,27426165,41.7,41.75,41.55,41.55,0.1,41.55,26,41.7,7,19.88
9934,185351,97,3041605,16.45,16.45,16.35,16.4,0.05,16.4,1,16.45,48,8.59
9935,8324758,4332,302703564,35.0,37.5,34.65,37.25,2.3,37.25,5,37.3,16,23.88
9937,9010,6,369411,41.0,41.0,41.0,41.0,0.05,41.0,5,41.15,8,17.15
9938,1106827,747,88129080,81.0,81.0,78.8,78.8,2.2,78.8,5,79.0,2,15.92
9939,617261,500,33063105,54.0,54.5,53.3,53.3,0.7,53.3,32,53.5,2,14.33
9940,251468,150,8018230,31.65,32.0,31.65,31.7,0.15,31.7,23,31.9,1,12.63
9941,451686,455,49131107,109.5,109.5,108.5,109.0,1.0,108.5,90,109.0,15,14.4
9941A,9000,4,486800,54.1,54.1,54.0,54.1,0.0,54.0,9,54.1,18,0.0
9942,28050,27,1965850,70.0,70.3,70.0,70.1,0.3,70.0,9,70.2,2,12.79
9943,173500,144,11642649,67.5,67.5,66.9,67.0,0.5,67.0,3,67.1,1,11.15
9944,27100,20,463055,17.2,17.2,17.0,17.1,0.1,16.95,2,17.1,1,0.0
9945,1460867,832,63455222,43.4,43.8,43.25,43.35,0.25,43.3,4,43.35,7,4.51
9946,388555,185,8682919,22.3,22.4,22.25,22.35,0.0,22.3,52,22.35,4,5.28
9955,2175392,1030,43870911,20.3,20.45,19.9,19.95,0.1,19.95,72,20.0,15,0.0
9958,5147728,2955,396510867,76.6,77.6,76.2,77.4,1.2,77.3,8,77.4,2,483.75
